country,correlation
United States,0.6325439345271402
Germany,0.28431250364121835
United Kingdom,0.25298590933889864
"Korea, Rep.",0.06300749404420074
China,0.018479449802999984
Pakistan,0.011407584029632857
Japan,-0.1471929961509627
India,-0.24346637975608754
