date,gas_price,gas_price_adjusted,pct_change_4w,gas_pct_1w
1993-01-04,1.065,2.4633196428571424,,
1993-01-11,1.066,2.465632619047619,,0.09389671361503815
1993-01-18,1.061,2.4540677380952376,,-0.46904315196999447
1993-01-25,1.055,2.4401898809523805,,-0.5655042412818112
1993-02-01,1.055,2.435074178895877,-0.9389671361502372,0.0
1993-02-08,1.062,2.4512310691823904,-0.37523452157598447,0.6635071090047573
1993-02-15,1.053,2.430457924528302,-0.7540056550424112,-0.8474576271186529
1993-02-22,1.047,2.4166091614255767,-0.758293838862556,-0.5698005698005715
1993-03-01,1.042,2.4017118353105373,-1.2322274881516493,-0.47755491881565915
1993-03-08,1.048,2.4155412700628056,-1.3182674199623379,0.5758157389635254
1993-03-15,1.058,2.438590327983252,0.47483380816715215,0.9541984732824416
1993-03-22,1.056,2.4339805163991626,0.8595988538682153,-0.1890359168241984
1993-03-29,1.057,2.436285422191207,1.4395393474088136,0.09469696969695018
1993-04-05,1.068,2.4530801390820582,1.9083969465648831,1.040681173131519
1993-04-12,1.079,2.478345945757997,1.98487712665405,1.0299625468164653
1993-04-19,1.079,2.478345945757997,2.1780303030302983,0.0
1993-04-26,1.086,2.494424186369958,2.7436140018921584,0.6487488415199305
1993-05-03,1.086,2.487504840499307,1.6853932584269593,0.0
1993-05-10,1.097,2.512700561719834,1.6682113067655324,1.012891344383049
1993-05-17,1.106,2.533315242718447,2.5023169601482875,0.8204193254330194
1993-05-24,1.106,2.533315242718447,1.8416206261510082,0.0
1993-05-31,1.107,2.535605762829404,1.9337016574585641,0.09041591320071429
1993-06-07,1.104,2.526981787941788,0.6381039197812299,-0.27100271002709064
1993-06-14,1.101,2.5201149896049895,-0.452079566003627,-0.27173913043478937
1993-06-21,1.095,2.5063813929313925,-0.9945750452079682,-0.544959128065392
1993-06-28,1.089,2.492647796257796,-1.6260162601625994,-0.5479452054794498
1993-07-05,1.086,2.4823404705882353,-1.6304347826086918,-0.2754820936639035
1993-07-12,1.081,2.4709116470588235,-1.816530426884655,-0.4604051565377687
1993-07-19,1.075,2.4571970588235295,-1.82648401826484,-0.5550416281221104
1993-07-26,1.069,2.443482470588235,-1.8365472910927494,-0.558139534883717
1993-08-02,1.062,2.422452803867403,-2.209944751381221,-0.6548175865294548
1993-08-09,1.06,2.4178907458563534,-1.94264569842737,-0.18832391713747842
1993-08-16,1.059,2.4156097168508284,-1.4883720930232602,-0.09433962264151496
1993-08-23,1.065,2.4292958908839775,-0.374181478016844,0.56657223796035
1993-08-30,1.062,2.422452803867403,0.0,-0.28169014084505895
1993-09-06,1.055,2.4031663103448277,-0.4716981132075526,-0.6591337099811745
1993-09-13,1.051,2.394054779310345,-0.7554296506137925,-0.37914691943128354
1993-09-20,1.045,2.3803874827586204,-1.8779342723004744,-0.570884871550903
1993-09-27,1.047,2.384943248275862,-1.4124293785310882,0.191387559808609
1993-10-04,1.092,2.4771975000000004,3.5071090047393394,4.297994269340988
1993-10-11,1.09,2.4726605082417588,3.7107516650808803,-0.1831501831501825
1993-10-18,1.093,2.479465995879121,4.593301435406705,0.2752293577981568
1993-10-25,1.092,2.4771975000000004,4.297994269340988,-0.0914913083256974
1993-11-01,1.084,2.4523124109589043,-0.73260073260073,-0.73260073260073
1993-11-08,1.075,2.4319518835616436,-1.3761467889908396,-0.8302583025830312
1993-11-15,1.064,2.407066794520548,-2.653247941445558,-1.023255813953483
1993-11-22,1.058,2.3934931095890413,-3.1135531135531136,-0.5639097744360888
1993-11-29,1.051,2.377657143835616,-3.0442804428044368,-0.6616257088846944
1993-12-06,1.036,2.338916937799043,-3.6279069767441774,-1.4272121788772463
1993-12-13,1.018,2.2982793848257006,-4.323308270676696,-1.737451737451734
1993-12-20,1.003,2.264414757347915,-5.198487712665423,-1.4734774066797796
1993-12-27,0.999,2.255384190020506,-4.947668886774492,-0.3988035892322883
1994-01-03,0.992,2.2395806971975394,-4.24710424710425,-0.700700700700696
1994-01-10,0.995,2.2463536226930962,-2.259332023575644,0.3024193548387011
1994-01-17,1.001,2.2598994736842104,-0.1994017946161497,0.6030150753768782
1994-01-24,0.999,2.255384190020506,0.0,-0.19980019980019303
1994-01-31,1.005,2.2689300410116195,1.310483870967727,0.6006006006005871
1994-02-07,1.007,2.267246428084526,1.2060301507537563,0.19900497512437276
1994-02-14,1.016,2.287509802317655,1.4985014985015033,0.8937437934458892
1994-02-21,1.009,2.2717494001363323,1.0010010010010006,-0.6889763779527658
1994-02-28,1.004,2.2604919700068167,-0.09950248756217528,-0.49554013875122704
1994-03-07,1.007,2.2610812440516654,0.0,0.29880478087649376
1994-03-14,1.005,2.2565905166553364,-1.0826771653543399,-0.19860973187686426
1994-03-21,1.007,2.2610812440516654,-0.1982160555004997,0.19900497512437276
1994-03-28,1.012,2.2723080625424883,0.7968127490039834,0.49652432969216065
1994-04-04,1.011,2.2685205366847825,0.3972194637537285,-0.09881422924902239
1994-04-11,1.028,2.3066657880434787,2.2885572139303534,1.6815034619189095
1994-04-18,1.033,2.3178849796195653,2.581926514399213,0.4863813229571967
1994-04-25,1.037,2.3268603328804347,2.4703557312252933,0.38722168441431837
1994-05-02,1.04,2.328845559322034,2.8684470820969477,0.2892960462873795
1994-05-09,1.045,2.3400419322033894,1.6536964980544688,0.48076923076922906
1994-05-16,1.046,2.342281206779661,1.2584704743465736,0.0956937799043267
1994-05-23,1.05,2.351238305084746,1.2536162005786,0.3824091778202643
1994-05-30,1.056,2.364673952542373,1.538461538461533,0.5714285714285783
1994-06-06,1.065,2.3783775862068963,1.9138755980861344,0.8522727272727071
1994-06-13,1.073,2.396243333333333,2.581261950286806,0.7511737089201942
1994-06-20,1.079,2.4096426436781604,2.761904761904743,0.5591798695246952
1994-06-27,1.095,2.4453741379310343,3.693181818181812,1.4828544949026856
1994-07-04,1.097,2.4415863948787058,3.0046948356807546,0.18264840182649067
1994-07-11,1.103,2.454940559299191,2.7958993476234983,0.5469462169553241
1994-07-18,1.109,2.4682947237196764,2.7803521779425466,0.5439709882139709
1994-07-25,1.114,2.4794231940700806,1.735159817351617,0.45085662759243306
1994-08-01,1.13,2.5049066442953016,3.0082041932543158,1.4362657091561815
1994-08-08,1.157,2.5647583959731546,4.895738893925672,2.3893805309734617
1994-08-15,1.161,2.573625322147651,4.688908926961233,0.34572169403630504
1994-08-22,1.165,2.5824922483221475,4.578096947935362,0.3445305770887197
1994-08-29,1.161,2.573625322147651,2.743362831858409,-0.34334763948498104
1994-09-05,1.156,2.557392551908908,-0.08643042350908736,-0.4306632213609052
1994-09-12,1.15,2.544118888144675,-0.9474590869939847,-0.519031141868509
1994-09-19,1.14,2.5219961152042862,-2.145922746781126,-0.8695652173913104
1994-09-26,1.129,2.497661064969859,-2.7562446167097354,-0.9649122807017463
1994-10-03,1.12,2.4760921017402944,-3.1141868512110538,-0.797165633303798
1994-10-10,1.114,2.462827322623829,-3.130434782608682,-0.5357142857142838
1994-10-17,1.106,2.445140950468541,-2.9824561403508643,-0.7181328545781018
1994-10-24,1.107,2.4473517469879518,-1.9486271036315395,0.09041591320071429
1994-10-31,1.121,2.4783028982597055,0.08928571428570287,1.2646793134597933
1994-11-07,1.123,2.4760950534045394,0.807899461400341,0.1784121320249854
1994-11-14,1.122,2.4738901602136183,1.4466546112115841,-0.08904719501334757
1994-11-21,1.113,2.454046121495327,0.5420054200542035,-0.8021390374331694
1994-11-28,1.105,2.4364069759679574,-1.4272970561998277,-0.7187780772686447
1994-12-05,1.103,2.427136435709527,-1.7809439002671401,-0.18099547511312153
1994-12-12,1.095,2.4095325449700202,-2.406417112299475,-0.7252946509519465
1994-12-19,1.087,2.3919286542305134,-2.336028751123098,-0.7305936073059405
1994-12-26,1.077,2.3699237908061295,-2.5339366515837125,-0.9199632014719406
1995-01-02,1.079,2.368014265780731,-2.1758839528558505,0.18570102135562205
1995-01-09,1.086,2.38337673089701,-0.8219178082191636,0.6487488415199305
1995-01-16,1.078,2.3658196279069768,-0.8279668813247376,-0.7366482504604033
1995-01-23,1.083,2.3767928172757475,0.557103064066844,0.4638218923933124
1995-01-30,1.083,2.3767928172757475,0.3707136237256714,0.0
1995-02-06,1.076,2.3551707620941023,-0.9208103130755041,-0.6463527239150446
1995-02-13,1.074,2.350793121272366,-0.37105751391465214,-0.18587360594795044
1995-02-20,1.067,2.335471378396289,-1.4773776546629702,-0.6517690875232907
1995-02-27,1.073,2.3486043008614974,-0.9233610341643606,0.5623242736644718
1995-03-06,1.076,2.3504978042328046,0.0,0.2795899347623587
1995-03-13,1.069,2.3352064616402117,-0.4655493482309203,-0.6505576208178598
1995-03-20,1.068,2.333021984126985,0.09372071227742307,-0.0935453695041999
1995-03-27,1.075,2.348313326719577,0.18639328984155767,0.6554307116104718
1995-04-03,1.087,2.3651415744400524,1.0223048327137496,1.116279069767434
1995-04-10,1.103,2.399955065876153,3.1805425631431294,1.4719411223551138
1995-04-17,1.117,2.4304168708827403,4.588014981273392,1.2692656391659174
1995-04-24,1.138,2.4761095783926215,5.860465116279068,1.8800358102059045
1995-05-01,1.148,2.4929412491781724,5.611775528978846,0.8787346221441172
1995-05-08,1.169,2.5385438330046024,5.9836808703535915,1.8292682926829285
1995-05-15,1.179,2.5602593491124264,5.550581915846031,0.8554319931565413
1995-05-22,1.197,2.5993472781065092,5.184534270650287,1.526717557251911
1995-05-29,1.199,2.603690381328074,4.442508710801407,0.1670843776107045
1995-06-05,1.199,2.59856500656168,2.566295979469624,0.0
1995-06-12,1.196,2.5920631758530184,1.4418999151823542,-0.2502085070892557
1995-06-19,1.189,2.5768922375328085,-0.6683375104427736,-0.5852842809364489
1995-06-26,1.182,2.561721299212598,-1.4178482068390452,-0.5887300252312988
1995-07-03,1.175,2.5432128112712977,-2.0016680567139344,-0.5922165820642866
1995-07-10,1.165,2.5215684469200528,-2.59197324414715,-0.8510638297872353
1995-07-17,1.153,2.4955952096985587,-3.0277544154751923,-1.030042918454932
1995-07-24,1.144,2.476115281782438,-3.2148900169204797,-0.7805724197745167
1995-07-31,1.132,2.4501420445609434,-3.659574468085114,-1.0489510489510523
1995-08-07,1.127,2.434533754087639,-3.2618025751072977,-0.441696113074197
1995-08-14,1.125,2.4302133747547416,-2.4284475281873386,-0.17746228926353025
1995-08-21,1.124,2.4280531850882934,-1.748251748251728,-0.0888888888888828
1995-08-28,1.117,2.4129318574231524,-1.325088339222602,-0.6227758007117501
1995-09-04,1.113,2.40115028739386,-1.2422360248447228,-0.35810205908684
1995-09-11,1.111,2.3968355519268454,-1.244444444444448,-0.17969451931716396
1995-09-18,1.11,2.3946781841933378,-1.245551601423489,-0.09000900090008201
1995-09-25,1.109,2.39252081645983,-0.71620411817368,-0.09009009009010027
1995-10-02,1.105,2.3776792508143325,-0.7187780772686447,-0.36068530207393756
1995-10-09,1.097,2.3604652833876223,-1.2601260126012592,-0.7239819004524861
1995-10-16,1.087,2.3389478241042347,-2.072072072072084,-0.911577028258892
1995-10-23,1.079,2.3217338566775245,-2.705139765554554,-0.7359705611775569
1995-10-30,1.068,2.2980646514657983,-3.3484162895927483,-1.0194624652455908
1995-11-06,1.065,2.2886274886141837,-2.917046490428443,-0.2808988764045006
1995-11-13,1.063,2.2843295966167863,-2.2079116835326595,-0.187793427230043
1995-11-20,1.06,2.27788275862069,-1.7608897126969336,-0.2822201317027151
1995-11-27,1.061,2.2800317046193883,-0.655430711610494,0.09433962264149276
1995-12-04,1.062,2.2792148538011694,-0.28169014084505895,0.09425070688031667
1995-12-11,1.063,2.281361007147498,0.0,0.09416195856872811
1995-12-18,1.078,2.31355330734243,1.6981132075471805,1.411100658513642
1995-12-25,1.082,2.3221379207277453,1.9792648444863392,0.37105751391466324
1996-01-01,1.083,2.3122645054945057,1.9774011299434902,0.09242144177448175
1996-01-08,1.093,2.333615054945055,2.822201317027284,0.9233610341643494
1996-01-15,1.098,2.34429032967033,1.855287569573294,0.45745654162856475
1996-01-22,1.091,2.3293449450549453,0.8317929759704246,-0.6375227686703178
1996-01-29,1.087,2.3208047252747255,0.3693444136657398,-0.36663611365719273
1996-02-05,1.083,2.3077891548387095,-0.9149130832570962,-0.36798528058877844
1996-02-12,1.08,2.301396387096774,-1.6393442622950838,-0.27700831024929373
1996-02-19,1.087,2.31631284516129,-0.36663611365719273,0.648148148148131
1996-02-26,1.107,2.3589312967741933,1.839926402943881,1.839926402943881
1996-03-04,1.124,2.3874555112540197,3.785780240073877,1.5356820234869062
1996-03-11,1.125,2.3895795819935692,4.166666666666652,0.0889679715302405
1996-03-18,1.135,2.4108202893890676,4.415823367065319,0.8888888888888946
1996-03-25,1.164,2.4724183408360125,5.1490514905149,2.555066079295143
1996-04-01,1.178,2.4925378219090324,4.804270462633431,1.2027491408934665
1996-04-08,1.204,2.547551390134529,7.022222222222219,2.2071307300509435
1996-04-15,1.242,2.6279558360025623,9.4273127753304,3.1561461794019863
1996-04-22,1.256,2.6575785265855223,7.903780068728539,1.1272141706924366
1996-04-29,1.273,2.693548936579116,8.064516129032251,1.3535031847133672
1996-05-06,1.275,2.6926059782608696,5.8970099667774,0.15710919088767206
1996-05-13,1.277,2.6968296739130433,2.818035426731069,0.15686274509802978
1996-05-20,1.285,2.713724456521739,2.3089171974522316,0.6264682850430692
1996-05-27,1.275,2.6926059782608696,0.15710919088767206,-0.7782101167315147
1996-06-03,1.269,2.6748041927249524,-0.47058823529412264,-0.47058823529412264
1996-06-10,1.262,2.660049559668156,-1.1746280344557491,-0.5516154452324562
1996-06-17,1.258,2.6516183407785583,-2.10116731517509,-0.31695721077654726
1996-06-24,1.245,2.624216879387365,-2.3529411764705688,-1.0333863275039712
1996-07-01,1.234,2.5960609044585987,-2.7580772261623254,-0.8835341365461935
1996-07-08,1.231,2.589749573248408,-2.456418383518222,-0.24311183144245518
1996-07-15,1.228,2.5834382420382167,-2.384737678855331,-0.2437043054427379
1996-07-22,1.227,2.5813344649681533,-1.4457831325301207,-0.08143322475568926
1996-07-29,1.218,2.56240047133758,-1.296596434359809,-0.7334963325183463
1996-08-05,1.207,2.5360283142493643,-1.9496344435418367,-0.9031198686371034
1996-08-12,1.203,2.527623912213741,-2.035830618892498,-0.3314001657000798
1996-08-19,1.205,2.5318261132315527,-1.792991035044822,0.16625103906899863
1996-08-26,1.209,2.5402305152671762,-0.738916256157629,0.3319502074688785
1996-09-02,1.197,2.5070432530120486,-0.8285004142502106,-0.992555831265507
1996-09-09,1.203,2.519609885859227,0.0,0.5012531328320913
1996-09-16,1.206,2.5258932022828158,0.08298755186721962,0.24937655860348684
1996-09-23,1.206,2.5258932022828158,-0.24813895781639062,0.0
1996-09-30,1.2,2.5133265694356375,0.25062656641603454,-0.497512437810943
1996-10-07,1.194,2.4928561441213657,-0.7481296758104827,-0.5000000000000004
1996-10-14,1.203,2.511646517067004,-0.24875621890546595,0.7537688442211143
1996-10-21,1.204,2.513734336283186,-0.16583747927031434,0.08312551953448821
1996-10-28,1.215,2.536700347661189,1.2500000000000178,0.9136212624584861
1996-11-04,1.223,2.5453581537492127,2.4288107202680154,0.6584362139917754
1996-11-11,1.226,2.5516018777567737,1.9118869492934287,0.24529844644316512
1996-11-18,1.236,2.572414291115312,2.657807308970095,0.815660685154973
1996-11-25,1.244,2.5890642218021425,2.386831275720147,0.6472491909385036
1996-12-02,1.241,2.5763269201759904,1.4717906786590351,-0.2411575562700885
1996-12-09,1.241,2.5763269201759904,1.2234910277324706,0.0
1996-12-16,1.236,2.5659468761785043,0.0,-0.40290088638196275
1996-12-23,1.231,2.555566832181019,-1.0450160771704131,-0.404530744336562
1996-12-30,1.227,2.54726279698303,-1.1281224818694646,-0.32493907392363575
1997-01-06,1.225,2.5383244981179423,-1.2892828364222453,-0.16299918500407573
1997-01-13,1.241,2.571478124215809,0.4045307443365731,1.3061224489795853
1997-01-20,1.241,2.571478124215809,0.8123476848090894,0.0
1997-01-27,1.238,2.565261819322459,0.8964955175223999,-0.2417405318291821
1997-02-03,1.236,2.556306499686913,0.897959183673458,-0.1615508885298822
1997-02-10,1.234,2.55217008140263,-0.5640612409347434,-0.16181229773463146
1997-02-17,1.227,2.5376926174076395,-1.1281224818694646,-0.5672609400324102
1997-02-24,1.223,2.5294197808390737,-1.2116316639741442,-0.32599837000815146
1997-03-03,1.215,2.5113015957446807,-1.6990291262135804,-0.6541291905151292
1997-03-10,1.206,2.4926993617021274,-2.269043760129663,-0.7407407407407529
1997-03-17,1.2,2.480297872340425,-2.200488997555028,-0.497512437810943
1997-03-24,1.204,2.488565531914893,-1.5535568274734346,0.33333333333334103
1997-03-31,1.2,2.480297872340425,-1.2345679012345734,-0.33222591362126463
1997-04-07,1.203,2.484943583489681,-0.24875621890546595,0.2500000000000169
1997-04-14,1.199,2.476681094434021,-0.08333333333332416,-0.33250207813798616
1997-04-21,1.199,2.476681094434021,-0.41528239202657247,0.0
1997-04-28,1.195,2.4684186053783614,-0.4166666666666541,-0.33361134278565574
1997-05-05,1.193,2.4642873608505313,-0.8312551953449709,-0.16736401673640433
1997-05-12,1.193,2.4642873608505313,-0.5004170141784781,0.0
1997-05-19,1.203,2.484943583489681,0.33361134278564464,0.83822296730931
1997-05-26,1.212,2.5035341838649154,1.4225941422594035,0.7481296758104605
1997-06-02,1.215,2.505031179775281,1.8440905280804776,0.24752475247524774
1997-06-09,1.207,2.4885371473158555,1.1735121542330251,-0.6584362139917754
1997-06-16,1.198,2.469981360799001,-0.4156275976724966,-0.7456503728252017
1997-06-23,1.187,2.447302066167291,-2.062706270627057,-0.9181969949916491
1997-06-30,1.181,2.4349315418227215,-2.7983539094650234,-0.5054759898904804
1997-07-07,1.177,2.423658734413965,-2.4855012427506207,-0.3386960203217604
1997-07-14,1.173,2.4154220012468826,-2.086811352253748,-0.3398470688190325
1997-07-21,1.177,2.423658734413965,-0.8424599831508006,0.34100596760442414
1997-07-28,1.17,2.409244451371571,-0.9314140558848494,-0.5947323704333152
1997-08-04,1.193,2.4504947077114427,1.35938827527613,1.965811965811981
1997-08-11,1.228,2.5223868407960195,4.688832054560943,2.933780385582563
1997-08-18,1.229,2.5244409017412934,4.418011894647411,0.08143322475571146
1997-08-25,1.244,2.5552518159203976,6.3247863247863245,1.2205044751830707
1997-09-01,1.243,2.5468622766749385,4.191114836546528,-0.0803858520900258
1997-09-08,1.243,2.5468622766749385,1.2214983713355165,0.0
1997-09-15,1.236,2.5325195285359805,0.5695687550854256,-0.5631536604988052
1997-09-22,1.225,2.5099809243176185,-1.5273311897106012,-0.8899676375404453
1997-09-29,1.21,2.4792464640198513,-2.6548672566371834,-1.224489795918382
1997-10-06,1.209,2.472595894736842,-2.7353177795655714,-0.08264462809915996
1997-10-13,1.203,2.460324947368421,-2.669902912621358,-0.496277915632759
1997-10-20,1.193,2.4398733684210527,-2.6122448979591817,-0.8312551953449709
1997-10-27,1.182,2.4173766315789473,-2.3140495867768562,-0.9220452640402499
1997-11-03,1.176,2.4021309090909093,-2.7295285359801635,-0.5076142131979711
1997-11-10,1.177,2.4041735374149664,-2.1612635078969267,0.08503401360544505
1997-11-17,1.168,2.385789882498454,-2.095557418273275,-0.7646559048428259
1997-11-24,1.162,2.3735341125541125,-1.6920473773265665,-0.5136986301369828
1997-12-01,1.152,2.3516534981458586,-2.0408163265306145,-0.8605851979345935
1997-12-08,1.141,2.32919847342398,-3.0586236193712812,-0.9548611111111049
1997-12-15,1.131,2.3087848145859082,-3.167808219178081,-0.876424189307623
1997-12-22,1.121,2.2883711557478366,-3.528399311531838,-0.8841732979664063
1997-12-29,1.112,2.2699988627935723,-3.47222222222221,-0.8028545941123899
1998-01-05,1.102,2.2468079382716053,-3.4180543382997253,-0.8992805755395739
1998-01-12,1.094,2.2304971728395064,-3.271441202475678,-0.7259528130671544
1998-01-19,1.083,2.2080698703703705,-3.3898305084745783,-1.0054844606947055
1998-01-26,1.066,2.1734094938271604,-4.1366906474820215,-1.5697137580794052
1998-02-02,1.061,2.1632152654320986,-3.720508166969161,-0.46904315196999447
1998-02-09,1.053,2.1469044999999998,-3.7477148080438893,-0.7540056550424112
1998-02-16,1.038,2.116321814814815,-4.155124653739605,-1.424501424501412
1998-02-23,1.044,2.128554888888889,-2.06378986866792,0.5780346820809301
1998-03-02,1.028,2.0959333580246913,-3.1102733270499505,-1.532567049808431
1998-03-09,1.018,2.075544901234568,-3.3238366571699873,-0.9727626459143934
1998-03-16,1.008,2.0551564444444446,-2.8901734104046284,-0.9823182711198419
1998-03-23,1.0,2.0388456790123457,-4.214559386973182,-0.7936507936507908
1998-03-30,1.03,2.100011049382716,0.1945525291828787,3.0000000000000027
1998-04-06,1.028,2.093348976572133,0.982318271119853,-0.1941747572815511
1998-04-13,1.025,2.0872399815043154,1.6865079365079305,-0.29182879377432913
1998-04-20,1.028,2.093348976572133,2.8000000000000025,0.29268292682926855
1998-04-27,1.04,2.1177849568434035,0.9708737864077666,1.1673151750972721
1998-05-04,1.049,2.130857054120541,2.042801556420226,0.8653846153846123
1998-05-11,1.063,2.159295565805658,3.707317073170735,1.3346043851286904
1998-05-18,1.072,2.1775774661746623,4.280155642023353,0.8466603951081897
1998-05-25,1.07,2.173514821648217,2.8846153846153966,-0.1865671641791078
1998-06-01,1.066,2.1627293488943486,1.620591039084851,-0.37383177570093906
1998-06-08,1.075,2.1809887899262894,1.1288805268109048,0.8442776735459567
1998-06-15,1.066,2.1627293488943486,-0.5597014925373123,-0.83720930232557
1998-06-22,1.058,2.1464987346437345,-1.121495327102806,-0.7504690431519689
1998-06-29,1.057,2.1444699078624074,-0.8442776735459789,-0.0945179584121103
1998-07-06,1.058,2.1412377083333336,-1.5813953488372001,0.09460737937561081
1998-07-13,1.054,2.1331422916666667,-1.1257035647279534,-0.3780718336483968
1998-07-20,1.059,2.1432615624999998,0.0945179584120881,0.4743833017077703
1998-07-27,1.05,2.1250468750000002,-0.6622516556291314,-0.8498583569405027
1998-08-03,1.039,2.100210691554467,-1.7958412098298848,-1.0476190476190639
1998-08-10,1.033,2.0880824296205627,-1.9924098671726842,-0.5774783445620768
1998-08-17,1.026,2.0739327906976746,-3.116147308781858,-0.6776379477250627
1998-08-24,1.019,2.0597831517747855,-2.952380952380962,-0.6822612085770063
1998-08-31,1.013,2.047654889840881,-2.5024061597690106,-0.5888125613346396
1998-09-07,1.007,2.034281657492355,-2.516940948693125,-0.5923000987166804
1998-09-14,1.002,2.0241809541284406,-2.3391812865497075,-0.49652432969214955
1998-09-21,1.014,2.0484226422018352,-0.4906771344455274,1.1976047904191711
1998-09-28,1.014,2.0484226422018352,0.09871668311944859,0.0
1998-10-05,1.019,2.053499493593655,1.1916583912611634,0.4930966469427922
1998-10-12,1.022,2.059545125076266,1.9960079840319445,0.2944062806673253
1998-10-19,1.019,2.053499493593655,0.4930966469427922,-0.29354207436400603
1998-10-26,1.015,2.0454386516168395,0.09861932938854956,-0.39254170755642637
1998-11-02,1.01,2.0328819622181595,-0.8832188420019538,-0.49261083743841194
1998-11-09,1.008,2.028856453382084,-1.3698630136986356,-0.1980198019801982
1998-11-16,0.996,2.0047034003656306,-2.257114818449446,-1.1904761904761862
1998-11-23,0.989,1.9906141194393663,-2.5615763546797954,-0.7028112449799173
1998-11-30,0.974,1.9604228031687996,-3.5643564356435675,-1.5166835187057637
1998-12-07,0.954,1.9166637591240874,-5.35714285714286,-2.053388090349073
1998-12-14,0.945,1.898582025547445,-5.120481927710852,-0.9433962264150941
1998-12-21,0.944,1.8965729440389292,-4.5500505561172915,-0.10582010582010914
1998-12-28,0.937,1.8825093734793186,-3.7987679671457775,-0.741525423728806
1999-01-04,0.935,1.8750695506982396,-1.991614255765184,-0.2134471718249764
1999-01-11,0.941,1.8871020825743778,-0.4232804232804255,0.6417112299465177
1999-01-18,0.944,1.893118348512447,0.0,0.31880977683316214
1999-01-25,0.936,1.877074972677596,-0.10672358591248265,-0.8474576271186307
1999-02-01,0.929,1.863037018822101,-0.6417112299465288,-0.7478632478632452
1999-02-08,0.927,1.8590261748633883,-1.4877789585547196,-0.21528525296017342
1999-02-15,0.919,1.842982799028537,-2.64830508474575,-0.8629989212513456
1999-02-22,0.907,1.8189177352762602,-3.0982905982905984,-1.305767138193692
1999-03-01,0.913,1.8298392536407766,-1.7222820236813763,0.6615214994487362
1999-03-08,0.921,1.8458728944174756,-0.6472491909385147,0.8762322015334112
1999-03-15,0.977,1.9581083798543686,6.311207834602817,6.080347448425627
1999-03-22,1.017,2.0382765837378636,12.127894156560082,4.094165813715445
1999-03-29,1.082,2.1685499150485437,18.510405257393202,6.391347099311728
1999-04-05,1.118,2.2258443279083786,21.389793702497293,3.3271719038816983
1999-04-12,1.14,2.2696444846292945,16.683725690890473,1.9677996422182265
1999-04-19,1.135,2.2596899035563593,11.602753195673564,-0.43859649122806044
1999-04-26,1.131,2.251726238698011,4.528650646950094,-0.35242290748899174
1999-05-03,1.136,2.260318361445783,1.6100178890876338,0.4420866489831976
1999-05-10,1.14,2.2682772289156623,0.0,0.35211267605634866
1999-05-17,1.14,2.2682772289156623,0.4405286343612147,0.0
1999-05-24,1.126,2.240421192771084,-0.4420866489832087,-1.2280701754386003
1999-05-31,1.111,2.2105754397590363,-2.2007042253521014,-1.3321492007104752
1999-06-07,1.112,2.212565156626506,-2.4561403508771784,0.09000900090010422
1999-06-14,1.108,2.2046062891566267,-2.8070175438596356,-0.3597122302158251
1999-06-21,1.124,2.2364417590361447,-0.1776198934280493,1.4440433212996373
1999-06-28,1.113,2.214554873493976,0.18001800180018623,-0.9786476868327454
1999-07-05,1.125,2.229031943611278,1.1690647482014205,1.0781671159029615
1999-07-12,1.143,2.2646964547090582,3.1588447653429608,1.6000000000000014
1999-07-19,1.169,2.3162118596280745,4.0035587188612,2.2747156605424257
1999-07-26,1.193,2.363764541091782,7.187780772686447,2.0530367835757124
1999-08-02,1.195,2.3620594554159187,6.222222222222218,0.16764459346185756
1999-08-09,1.206,2.383802262118492,5.5118110236220375,0.9205020920501905
1999-08-16,1.236,2.443100825852783,5.731394354148844,2.487562189054726
1999-08-23,1.234,2.439147588270497,3.4367141659681355,-0.16181229773463146
1999-08-30,1.233,2.4371709694793537,3.179916317991638,-0.08103727714747766
1999-09-06,1.242,2.4447193444576873,2.9850746268656803,0.7299270072992581
1999-09-13,1.25,2.460466328963051,1.132686084142387,0.6441223832528209
1999-09-20,1.268,2.495897044100119,2.7552674230145957,1.4399999999999968
1999-09-27,1.262,2.4840868057210965,2.3519870235198637,-0.4731861198738141
1999-10-04,1.255,2.4658995538370014,1.0466988727858118,-0.5546751188589605
1999-10-11,1.249,2.4541103926234387,-0.07999999999999119,-0.47808764940237003
1999-10-18,1.236,2.428567209994051,-2.5236593059936974,-1.0408326661329181
1999-10-25,1.237,2.430532070196312,-1.9809825673533954,0.08090614886733238
1999-11-01,1.23,2.412472624703088,-1.9920318725099584,-0.5658852061439013
1999-11-08,1.233,2.4183567042755345,-1.2810248198558805,0.24390243902439046
1999-11-15,1.251,2.4536611817102134,1.213592233009697,1.4598540145985162
1999-11-22,1.269,2.488965659144893,2.586903799514939,1.4388489208633004
1999-11-29,1.274,2.4987724584323043,3.577235772357734,0.3940110323089163
1999-12-06,1.273,2.490894484597156,3.244120032441189,-0.07849293563579884
1999-12-13,1.275,2.4948079087677724,1.918465227817756,0.15710919088767206
1999-12-20,1.269,2.483067636255924,0.0,-0.47058823529412264
1999-12-27,1.273,2.490894484597156,-0.07849293563579884,0.3152088258471242
2000-01-03,1.272,2.4815870998227996,-0.07855459544382493,-0.07855459544382493
2000-01-10,1.264,2.4659796337861786,-0.8627450980392082,-0.6289308176100628
2000-01-17,1.277,2.491341766095688,0.6304176516942483,1.0284810126582222
2000-01-24,1.315,2.5654772297696398,3.299293008641002,2.9757243539545897
2000-01-31,1.316,2.5674281630242173,3.4591194968553562,0.07604562737644205
2000-02-07,1.325,2.5743425,4.8259493670886,0.6838905775075954
2000-02-14,1.356,2.6345724,6.186374314800336,2.3396226415094423
2000-02-21,1.406,2.7317174,6.920152091254761,3.687315634218269
2000-02-28,1.421,2.7608609000000004,7.978723404255317,1.066856330014243
2000-03-06,1.501,2.8992385555555553,13.283018867924534,5.629838142153409
2000-03-13,1.527,2.949458543859649,12.61061946902653,1.7321785476349216
2000-03-20,1.529,2.9533216198830408,8.748221906116637,0.1309757694826441
2000-03-27,1.508,2.912759321637427,6.1224489795918435,-1.3734466971876969
2000-04-03,1.503,2.9048003452311293,0.13324450366423157,-0.3315649867374093
2000-04-10,1.475,2.850685634874196,-3.40537000654878,-1.8629407850964563
2000-04-17,1.444,2.7907729198361615,-5.559189012426424,-2.1016949152542486
2000-04-24,1.437,2.7772442422469283,-4.708222811671082,-0.4847645429362779
2000-05-01,1.42,2.739579789719626,-5.522288755821691,-1.1830201809325036
2000-05-08,1.455,2.807104643691589,-1.3559322033898313,2.464788732394374
2000-05-15,1.492,2.8784880607476637,3.3240997229917024,2.542955326460472
2000-05-22,1.527,2.9460129147196263,6.263048016701456,2.3458445040214437
2000-05-29,1.54,2.9710935747663556,8.450704225352123,0.8513425016372089
2000-06-05,1.563,2.9979556271777006,7.42268041237113,1.4935064935064801
2000-06-12,1.631,3.1283849186991874,9.316353887399465,4.350607805502249
2000-06-19,1.681,3.22428880952381,10.08513425016373,3.065603923973015
2000-06-26,1.658,3.1801730197444833,7.662337662337659,-1.3682331945270798
2000-07-03,1.625,3.107852489866821,3.9667306461932172,-1.9903498190591007
2000-07-10,1.593,3.046651702374059,-2.3298589822195015,-1.9692307692307676
2000-07-17,1.546,2.956763045744065,-8.030933967876264,-2.9504080351537953
2000-07-24,1.52,2.907037405906196,-8.323281061519893,-1.681759379042691
2000-07-31,1.471,2.813323700057904,-9.476923076923072,-3.223684210526312
2000-08-07,1.462,2.7961109785755647,-8.223477715003135,-0.6118286879673751
2000-08-14,1.447,2.7674231094383326,-6.403622250970242,-1.0259917920656614
2000-08-21,1.468,2.8075861262304573,-3.421052631578947,1.4512785072563927
2000-08-28,1.481,2.8324489461493925,0.679809653297081,0.8855585831062829
2000-09-04,1.53,2.910992453917051,4.651162790697683,3.3085752869682628
2000-09-11,1.561,2.969973346774194,7.87836903939183,2.026143790849666
2000-09-18,1.562,2.9718759562211985,6.4032697547683926,0.06406149903908087
2000-09-25,1.548,2.945239423963134,4.523970290344348,-0.8962868117797673
2000-10-02,1.524,2.8945746520989073,-0.39215686274509665,-1.5503875968992276
2000-10-09,1.502,2.852789453709028,-3.7796284433055716,-1.4435695538057791
2000-10-16,1.539,2.9230645600920067,-1.472471190781055,2.463382157123828
2000-10-23,1.551,2.9458564864864862,0.19379844961240345,0.7797270955165692
2000-10-30,1.545,2.9344605232892467,1.3779527559055094,-0.3868471953578312
2000-11-06,1.526,2.8933818484500575,1.5978695073235683,-1.229773462783168
2000-11-13,1.523,2.8876936796785304,-1.0396361273554255,-0.1965923984272644
2000-11-20,1.51,2.863044948335247,-2.6434558349451964,-0.8535784635587573
2000-11-27,1.51,2.863044948335247,-2.265372168284785,0.0
2000-12-04,1.486,2.811084753722795,-2.6212319790301475,-1.5894039735099397
2000-12-11,1.449,2.7410913917525774,-4.858831254103735,-2.4899057873485786
2000-12-18,1.422,2.690015154639175,-5.827814569536427,-1.8633540372670954
2000-12-25,1.414,2.6748814547537227,-6.3576158940397365,-0.5625879043600568
2001-01-01,1.406,2.6446011275626424,-5.383580080753703,-0.5657708628005631
2001-01-08,1.425,2.6803389806378135,-1.65631469979296,1.3513513513513598
2001-01-15,1.474,2.7725050227790433,3.656821378340358,3.438596491228063
2001-01-22,1.471,2.7668622038724378,4.031117397454054,-0.2035278154681075
2001-01-29,1.46,2.746171867881549,3.8406827880512084,-0.747790618626798
2001-02-05,1.443,2.7080272670454546,1.2631578947368327,-1.1643835616438336
2001-02-12,1.476,2.7699572045454546,0.13568521031208647,2.2869022869022704
2001-02-19,1.449,2.7192872556818184,-1.4955812372535737,-1.8292682926829174
2001-02-26,1.431,2.6855072897727275,-1.9863013698630083,-1.2422360248447228
2001-03-05,1.417,2.657723912549688,-1.8018018018018056,-0.9783368273934334
2001-03-12,1.412,2.648345917092561,-4.336043360433606,-0.3528581510232942
2001-03-19,1.404,2.6333411243611584,-3.105590062111807,-0.5665722379603388
2001-03-26,1.404,2.6333411243611584,-1.8867924528301994,0.0
2001-04-02,1.442,2.700014206349206,1.7642907551164377,2.7065527065527117
2001-04-09,1.5,2.808613945578231,6.232294617563738,4.022191400832176
2001-04-16,1.571,2.9415550056689344,11.89458689458689,4.733333333333323
2001-04-23,1.619,3.0314306519274377,15.313390313390318,3.055378739656267
2001-04-30,1.626,3.0445375170068023,12.760055478502075,0.4323656578134605
2001-05-07,1.703,3.172526672306825,13.533333333333331,4.735547355473568
2001-05-14,1.713,3.1911557191201356,9.038828771483143,0.5871990604815025
2001-05-21,1.687,3.142720197405527,4.200123533045086,-1.5178050204319948
2001-05-28,1.704,3.1743895769881556,4.797047970479706,1.0077059869590954
2001-06-04,1.679,3.1207762915025326,-1.4092777451556127,-1.467136150234738
2001-06-11,1.647,3.0612975295441758,-3.8528896672504365,-1.9058963668850515
2001-06-18,1.601,2.975796809229038,-5.097806757557799,-2.792956891317544
2001-06-25,1.538,2.858697996623523,-9.741784037558677,-3.935040599625228
2001-07-02,1.474,2.744373630214205,-12.209648600357358,-4.161248374512361
2001-07-09,1.437,2.675485011273957,-12.750455373406188,-2.5101763907734
2001-07-16,1.413,2.6308005016910934,-11.742660836976881,-1.6701461377870541
2001-07-23,1.395,2.597287119503946,-9.297789336801044,-1.273885350318471
2001-07-30,1.384,2.5768067192784665,-6.105834464043425,-0.7885304659498327
2001-08-06,1.376,2.561911882750845,-4.244954766875441,-0.5780346820809301
2001-08-13,1.392,2.591701555806088,-1.4861995753715607,1.1627906976744207
2001-08-20,1.427,2.6568664656144305,2.2939068100358506,2.514367816091956
2001-08-27,1.488,2.7704395941375424,7.514450867052025,4.274702172389633
2001-09-03,1.545,2.865259320606401,12.281976744186052,3.8306451612903247
2001-09-10,1.527,2.8318776586187537,9.698275862068972,-1.1650485436893177
2001-09-17,1.529,2.8355867321729367,7.147862648913805,0.1309757694826441
2001-09-24,1.485,2.75398711398091,-0.20161290322580072,-2.877697841726612
2001-10-01,1.416,2.633417162162162,-8.349514563106798,-4.646464646464654
2001-10-08,1.352,2.514392657657658,-11.460379829731494,-4.519774011299427
2001-10-15,1.309,2.4344230686936936,-14.388489208633093,-3.1804733727810786
2001-10-22,1.265,2.352593721846847,-14.814814814814826,-3.361344537815125
2001-10-29,1.235,2.2968009853603606,-12.782485875706207,-2.371541501976271
2001-11-05,1.206,2.244131594366197,-10.798816568047343,-2.348178137651835
2001-11-12,1.182,2.1994722591549296,-9.702062643239117,-1.9900497512437831
2001-11-19,1.167,2.1715601746478876,-7.747035573122519,-1.269035532994911
2001-11-26,1.127,2.097127949295775,-8.74493927125507,-3.4275921165381362
2001-12-03,1.108,2.0629348590755354,-8.126036484245425,-1.685891748003543
2001-12-10,1.095,2.038730749718151,-7.360406091370553,-1.1732851985559622
2001-12-17,1.059,1.9717039853438556,-9.254498714652959,-3.28767123287671
2001-12-24,1.072,1.9959080947012402,-4.88021295474711,1.2275731822474212
2001-12-31,1.096,2.040592604284104,-1.0830324909747335,2.238805970149249
2002-01-07,1.112,2.0668869780528984,1.5525114155251263,1.4598540145985384
2002-01-14,1.111,2.0650282667416997,4.910292728989618,-0.08992805755396738
2002-01-21,1.105,2.0538759988745077,3.078358208955212,-0.5400540054005365
2002-01-28,1.101,2.046441153629713,0.45620437956204185,-0.36199095022624306
2002-02-04,1.116,2.070825775280899,0.3597122302158251,1.3623978201634968
2002-02-11,1.107,2.0541255674157304,-0.36003600360036137,-0.8064516129032362
2002-02-18,1.116,2.070825775280899,0.9954751131221906,0.8130081300813163
2002-02-25,1.116,2.070825775280899,1.3623978201634968,0.0
2002-03-04,1.144,2.1168358095238093,2.508960573476693,2.508960573476693
2002-03-11,1.223,2.263015904761905,10.478771454381231,6.905594405594417
2002-03-18,1.288,2.383290666666667,15.412186379928317,5.3147996729354
2002-03-25,1.342,2.4832112380952385,20.250896057347667,4.192546583850931
2002-04-01,1.371,2.525553279419966,19.842657342657354,2.16095380029806
2002-04-08,1.413,2.6029225264919127,15.535568274734256,3.063457330415753
2002-04-15,1.404,2.5863434021193528,9.006211180124213,-0.6369426751592466
2002-04-22,1.404,2.5863434021193528,4.6199701937406745,0.0
2002-04-29,1.393,2.566080027886224,1.604668125455877,-0.7834757834757733
2002-05-06,1.395,2.5669010306406688,-1.273885350318471,0.1435750179468842
2002-05-13,1.388,2.55402052367688,-1.139601139601143,-0.5017921146953541
2002-05-20,1.397,2.5705811754874652,-0.4985754985754931,0.6484149855907839
2002-05-27,1.387,2.552180451253482,-0.4307250538406304,-0.7158196134574135
2002-06-03,1.392,2.559954654788419,-0.21505376344086446,0.36049026676279183
2002-06-10,1.375,2.5286908407572386,-0.9365994236311126,-1.2212643678160884
2002-06-17,1.378,2.5342079844097993,-1.3600572655690812,0.21818181818180626
2002-06-24,1.384,2.545242271714922,-0.21629416005768398,0.4354136429608024
2002-07-01,1.392,2.5542658666666664,0.0,0.5780346820809301
2002-07-08,1.382,2.535916255555555,0.5090909090909035,-0.7183908045977017
2002-07-15,1.394,2.5579357888888885,1.1611030478954953,0.868306801736618
2002-07-22,1.41,2.5872951666666664,1.8786127167630173,1.147776183644189
2002-07-29,1.407,2.5817902833333335,1.0775862068965525,-0.21276595744680327
2002-08-05,1.395,2.552679972299169,0.940665701881338,-0.8528784648187626
2002-08-12,1.393,2.549020216066482,-0.0717360114777521,-0.14336917562723928
2002-08-19,1.392,2.547190337950138,-1.276595744680853,-0.0717875089734421
2002-08-26,1.403,2.567318997229917,-0.2842928216062579,0.7902298850574807
2002-09-02,1.394,2.5466174889380526,-0.07168458781362519,-0.6414825374198241
2002-09-09,1.395,2.548444330752212,0.1435750179468842,0.0717360114777632
2002-09-16,1.401,2.559405381637168,0.6465517241379448,0.43010752688172893
2002-09-23,1.395,2.548444330752212,-0.5702066999287214,-0.4282655246252709
2002-09-30,1.413,2.5813274834070796,1.3629842180774787,1.2903225806451646
2002-10-07,1.439,2.6230222240618106,3.1541218637992863,1.840056617126673
2002-10-14,1.44,2.624845033112583,2.7837259100642386,0.06949270326614965
2002-10-21,1.458,2.6576555960264905,4.516129032258065,1.2499999999999956
2002-10-28,1.444,2.6321362693156733,2.1939136588817965,-0.9602194787380003
2002-11-04,1.448,2.6350648154269973,0.6254343293954134,0.27700831024930483
2002-11-11,1.439,2.6186866501377413,-0.0694444444444331,-0.6215469613259583
2002-11-18,1.409,2.5640927658402206,-3.3607681755829844,-2.0847810979847115
2002-11-25,1.38,2.51131867768595,-4.432132963988922,-2.058197303051823
2002-12-02,1.364,2.478105896589659,-5.801104972375681,-1.159420289855062
2002-12-09,1.36,2.4708387238723875,-5.489923558026399,-0.2932551319648091
2002-12-16,1.363,2.4762891034103407,-3.2647267565649396,0.22058823529411686
2002-12-23,1.401,2.5453272442244224,1.521739130434785,2.7879677182685247
2002-12-30,1.441,2.6179989713971397,5.645161290322576,2.8551034975017764
2003-01-06,1.444,2.6119555969331874,6.176470588235272,0.2081887578070818
2003-01-13,1.454,2.6300439320920046,6.676449009537788,0.6925207756232732
2003-01-20,1.459,2.6390880996714134,4.139900071377589,0.3438789546079901
2003-01-27,1.473,2.6644117688937574,2.2206800832754947,0.9595613433858841
2003-02-03,1.527,2.7470447222222223,5.747922437673125,3.665987780040725
2003-02-10,1.607,2.890963240740741,10.522696011004129,5.239030779305831
2003-02-17,1.66,2.9863092592592593,13.776559287182998,3.298070939639075
2003-02-24,1.658,2.982711296296296,12.559402579769174,-0.12048192771084709
2003-03-03,1.686,3.0281348450244696,10.412573673870341,1.6887816646562248
2003-03-10,1.712,3.0748320609026645,6.533914125700058,1.542111506524324
2003-03-17,1.728,3.1035688091353997,4.096385542168668,0.9345794392523477
2003-03-24,1.69,3.0353190320826533,1.93003618817853,-2.199074074074081
2003-03-31,1.649,2.96168111473627,-2.194543297746143,-2.426035502958579
2003-04-07,1.63,2.93874230349345,-4.789719626168232,-1.1522134627046765
2003-04-14,1.595,2.87564047489083,-7.696759259259256,-2.1472392638036797
2003-04-21,1.574,2.837779377729258,-6.863905325443776,-1.3166144200626895
2003-04-28,1.557,2.807129918122271,-5.579138872043665,-1.0800508259212305
2003-05-05,1.513,2.732276156369601,-7.177914110429451,-2.825947334617862
2003-05-12,1.491,2.692547091306725,-6.520376175548581,-1.4540647719761934
2003-05-19,1.498,2.7051881574630947,-4.828462515883103,0.46948356807510194
2003-05-26,1.487,2.685323624931657,-4.495825305073852,-0.7343124165554049
2003-06-02,1.473,2.6571359311851452,-2.6437541308658163,-0.9414929388029569
2003-06-09,1.49,2.6878021299836155,-0.06706908115359234,1.15410726408689
2003-06-16,1.518,2.7383111632987442,1.3351134846461887,1.8791946308724938
2003-06-23,1.496,2.698625494265429,0.6052454606590318,-1.449275362318847
2003-06-30,1.487,2.6823904478427094,0.950441276306857,-0.6016042780748632
2003-07-07,1.489,2.6772252422427876,-0.06711409395971923,0.13449899125757003
2003-07-14,1.521,2.7347613119216114,0.19762845849802257,2.149093351242426
2003-07-21,1.524,2.7401553184540015,1.8716577540107027,0.19723865877712132
2003-07-28,1.516,2.725771301034295,1.9502353732346878,-0.5249343832021025
2003-08-04,1.536,2.7497563577235775,3.156480859637334,1.3192612137203241
2003-08-11,1.571,2.812413566395664,3.287310979618674,2.278645833333326
2003-08-18,1.627,2.9126651002710027,6.7585301837270295,3.5646085295989893
2003-08-25,1.747,3.1274898157181577,15.237467018469664,7.375537799631227
2003-09-01,1.746,3.115567682333874,13.671875,-0.05724098454493731
2003-09-08,1.717,3.063819994597515,9.293443666454504,-1.6609392898052633
2003-09-15,1.697,3.0281319340896817,4.3023970497848785,-1.1648223645894018
2003-09-22,1.643,2.9317741707185307,-5.953062392673159,-3.1820860341779666
2003-09-29,1.591,2.8389852133981632,-8.877434135166096,-3.164942178940966
2003-10-06,1.573,2.809902049756625,-8.386721025043686,-1.1313639220616012
2003-10-13,1.568,2.8009703839913467,-7.60164997053624,-0.31786395422758185
2003-10-20,1.571,2.806329383450514,-4.382227632379799,0.1913265306122458
2003-10-27,1.542,2.7545257220118984,-3.0798240100565644,-1.8459579885423238
2003-11-03,1.535,2.740539216216216,-2.4157660521296864,-0.45395590142672804
2003-11-10,1.504,2.6851928216216217,-4.081632653061229,-2.0195439739413623
2003-11-17,1.497,2.672695248648649,-4.71037555697007,-0.465425531914887
2003-11-24,1.512,2.6994757621621623,-1.945525291828798,1.002004008016022
2003-12-01,1.49,2.653027331536388,-2.931596091205202,-1.4550264550264536
2003-12-08,1.476,2.6280995579514825,-1.8617021276595813,-0.9395973154362469
2003-12-15,1.465,2.608513450134771,-2.1376085504342,-0.7452574525745215
2003-12-22,1.485,2.644124555256065,-1.7857142857142794,1.3651877133105783
2003-12-29,1.478,2.6316606684636117,-0.8053691275167751,-0.4713804713804781
2004-01-05,1.51,2.6770930220075146,2.3035230352303593,2.165087956698253
2004-01-12,1.56,2.7657384863123995,6.484641638225264,3.31125827814569
2004-01-19,1.595,2.8277903113258183,7.407407407407396,2.2435897435897356
2004-01-26,1.622,2.8756588620504564,9.742895805142094,1.6927899686520531
2004-02-02,1.616,2.8588831708623466,7.019867549668879,-0.36991368680641123
2004-02-09,1.638,2.8978036100696305,4.999999999999982,1.3613861386138515
2004-02-16,1.648,2.9154947188002143,3.3228840125391734,0.6105006105006083
2004-02-23,1.688,2.98625915372255,4.069050554870524,2.4271844660194164
2004-03-01,1.717,3.03106938001069,6.25,1.7180094786729994
2004-03-08,1.738,3.0681412827365047,6.1050061050061055,1.2230634828188647
2004-03-15,1.724,3.043426680919295,4.611650485436902,-0.8055235903337121
2004-03-22,1.743,3.0769679262426513,3.258293838862558,1.1020881670533722
2004-03-29,1.758,3.1034478567610906,2.3878858474082554,0.8605851979345935
2004-04-05,1.78,3.137254749199573,2.4165707710011475,1.2514220705347023
2004-04-12,1.786,3.1478297652081113,3.5962877030162543,0.3370786516853963
2004-04-19,1.813,3.1954173372465315,4.016064257028096,1.511758118701012
2004-04-26,1.812,3.193654834578442,3.0716723549488067,-0.05515719801433283
2004-05-03,1.844,3.236239596174283,3.5955056179775235,1.7660044150110465
2004-05-10,1.941,3.4064756269925613,8.678611422172455,5.26030368763557
2004-05-17,2.017,3.539856434643996,11.25206839492554,3.9155074703760784
2004-05-24,2.064,3.6223419341126464,13.907284768211925,2.330193356470023
2004-05-31,2.051,3.599526795961743,11.225596529284164,-0.6298449612403001
2004-06-07,2.034,3.5564635362625725,4.7913446676970395,-0.8288639687957233
2004-06-14,1.985,3.4707866860772896,-1.5865146256817009,-2.4090462143559366
2004-06-21,1.937,3.3868583430386447,-6.153100775193798,-2.4181360201511404
2004-06-28,1.921,3.35888222869243,-6.33837152608484,-0.8260196179659229
2004-07-05,1.895,3.3099166314119515,-6.83382497541789,-1.3534617386777748
2004-07-12,1.917,3.348343104177684,-3.425692695214111,1.1609498680738906
2004-07-19,1.928,3.36755634056055,-0.4646360351058365,0.5738132498695814
2004-07-26,1.905,3.32738320994183,-0.8328995314940135,-1.192946058091282
2004-08-02,1.888,3.295947061310782,-0.3693931398416894,-0.8923884514435709
2004-08-09,1.877,3.2767439799154334,-2.086593635889411,-0.5826271186440635
2004-08-16,1.875,3.2732525105708246,-2.748962655601661,-0.10655301012253426
2004-08-23,1.884,3.2889641226215645,-1.1023622047244164,0.47999999999999154
2004-08-30,1.866,3.2575408985200847,-1.165254237288127,-0.9554140127388422
2004-09-06,1.85,3.219399631190727,-1.4384656366542292,-0.8574490889603492
2004-09-13,1.846,3.2124387671232877,-1.5466666666666629,-0.216216216216214
2004-09-20,1.866,3.2472430874604847,-0.9554140127388422,1.0834236186348933
2004-09-27,1.917,3.335994104320337,2.7331189710610992,2.7331189710610992
2004-10-04,1.938,3.35486286163522,4.756756756756753,1.0954616588419341
2004-10-11,1.993,3.450073107966457,7.963163596966405,2.8379772961816485
2004-10-18,2.035,3.522779114255765,9.056806002143624,2.1073758153537403
2004-10-25,2.032,3.517585828092243,5.998956703182046,-0.14742014742015197
2004-11-01,2.034,3.5045172769953052,4.9535603715170184,0.09842519685039353
2004-11-08,2.001,3.4476593270735525,0.4014049172102352,-1.6224188790560423
2004-11-15,1.969,3.392524345331247,-3.2432432432432434,-1.5992003998000937
2004-11-22,1.948,3.356342013562859,-4.133858267716539,-1.066531234129009
2004-11-29,1.945,3.351173109024518,-4.375614552605689,-0.15400410677617327
2004-12-06,1.911,3.292592190923318,-4.497751124437777,-1.7480719794344513
2004-12-13,1.847,3.1823222274387066,-6.196038598273246,-3.349031920460499
2004-12-20,1.815,3.1271872456964007,-6.827515400410677,-1.7325392528424466
2004-12-27,1.791,3.0858360093896713,-7.917737789203095,-1.3223140495867813
2005-01-03,1.778,3.065036294363257,-6.959706959706957,-0.7258514796203208
2005-01-10,1.793,3.090894305845511,-2.923659989171634,0.8436445444319318
2005-01-17,1.819,3.1357148590814194,0.22038567493112282,1.4500836586726074
2005-01-24,1.853,3.19432635177453,3.4617532104969317,1.869158878504673
2005-01-31,1.911,3.2943106628392482,7.48031496062993,3.130059363194815
2005-02-07,1.909,3.2771795062370064,6.469604015616293,-0.10465724751439476
2005-02-14,1.898,3.258295810810811,4.343045629466746,-0.5762179151388214
2005-02-21,1.905,3.270312707900208,2.8062601187264002,0.36880927291886856
2005-02-28,1.928,3.3097967983367984,0.8895866038723055,1.207349081364817
2005-03-07,1.999,3.419242397721388,4.7145102147721385,3.682572614107893
2005-03-14,2.056,3.5167395546349045,8.324552160168608,2.8514257128564147
2005-03-21,2.109,3.6073948058001037,10.70866141732283,2.5778210116731426
2005-03-28,2.153,3.68265576903159,11.670124481327804,2.0862968231389223
2005-04-04,2.217,3.780379870934435,10.905452726363185,2.9725963771481734
2005-04-11,2.28,3.8878060918946824,10.894941634241228,2.841677943166432
2005-04-18,2.237,3.8144834331440376,6.069227121858711,-1.885964912280691
2005-04-25,2.236,3.8127782550335576,3.8550859266140325,-0.044702726866330256
2005-05-02,2.235,3.813041606404959,0.8119079837618282,-0.044722719141343514
2005-05-09,2.186,3.7294447210743806,-4.122807017543851,-2.1923937360178947
2005-05-16,2.163,3.6902053667355372,-3.308001788109083,-1.052150045745659
2005-05-23,2.125,3.6253751291322316,-4.964221824686954,-1.7568192325473797
2005-05-30,2.097,3.577605480371901,-6.174496644295302,-1.3176470588235345
2005-06-06,2.116,3.6081568817759426,-3.202195791399809,0.9060562708631537
2005-06-13,2.13,3.632029375322664,-1.5256588072122046,0.6616257088846833
2005-06-20,2.161,3.684889896747548,1.6941176470588237,1.4553990610328693
2005-06-27,2.215,3.7769695147134743,5.627086313781593,2.4988431281813828
2005-07-04,2.226,3.7723561723961003,5.1984877126654006,0.4966139954853288
2005-07-11,2.328,3.94521346331452,9.295774647887312,4.582210242587603
2005-07-18,2.317,3.926571990764495,7.218880148079609,-0.4725085910652793
2005-07-25,2.289,3.8791209697280657,3.3408577878103918,-1.2084592145015116
2005-08-01,2.291,3.8587519785823563,2.9200359389038644,0.087374399300999
2005-08-08,2.368,3.9884437735849056,1.7182130584192379,3.36097773897861
2005-08-15,2.55,4.2949880163182055,10.056107034958984,7.685810810810811
2005-08-22,2.612,4.399415175930648,14.110965487112281,2.431372549019617
2005-08-29,2.61,4.396046557878633,13.924050632911399,-0.07656967840735662
2005-09-05,3.069,5.09893972334004,29.603040540540547,17.586206896551726
2005-09-12,2.955,4.909536292756539,15.882352941176482,-3.7145650048875822
2005-09-19,2.786,4.628754014084507,6.661562021439504,-5.719120135363786
2005-09-26,2.803,4.656998385311871,7.394636015325684,0.6101938262742301
2005-10-03,2.928,4.857347584128579,-4.59433040078201,4.459507670353191
2005-10-10,2.848,4.724633169261677,-3.620981387478861,-2.732240437158473
2005-10-17,2.725,4.520584756403817,-2.1895190236898787,-4.318820224719088
2005-10-24,2.603,4.318195273731794,-7.135212272565095,-4.47706422018348
2005-10-31,2.48,4.114146860873933,-15.300546448087427,-4.725316941990021
2005-11-07,2.376,3.9615152347299345,-16.57303370786517,-4.193548387096779
2005-11-14,2.296,3.8281308833922263,-15.74311926605505,-3.367003367003374
2005-11-21,2.201,3.6697369661786983,-15.443718786016136,-4.1376306620208965
2005-11-28,2.154,3.591373659767794,-13.145161290322582,-2.1353930031803747
2005-12-05,2.147,3.5797025290257447,-9.638047138047146,-0.32497678737233304
2005-12-12,2.185,3.6430600959111565,-4.834494773519149,1.7699115044247815
2005-12-19,2.211,3.686410010095911,0.45433893684687643,1.1899313501144038
2005-12-26,2.197,3.663067748611813,1.9962859795728871,-0.6331976481230073
2006-01-02,2.238,3.7089600301053687,4.238472286911987,1.866181156121982
2006-01-09,2.327,3.8564566532865023,6.49885583524028,3.9767649687220796
2006-01-16,2.32,3.844855795283492,4.929895974672083,-0.3008165019338205
2006-01-23,2.336,3.8713720421475157,6.326809285389157,0.6896551724137945
2006-01-30,2.357,3.906174616156548,5.317247542448622,0.8989726027397449
2006-02-06,2.342,3.8793691374122368,0.644606789858182,-0.6364022061943198
2006-02-13,2.284,3.78329594784353,-1.551724137931032,-2.476515798462864
2006-02-20,2.24,3.7104128385155466,-4.109589041095873,-1.926444833625196
2006-02-27,2.254,3.7336029187562687,-4.36996181586764,0.6249999999999867
2006-03-06,2.331,3.8553479369053583,-0.46968403074295617,3.416149068322971
2006-03-13,2.366,3.9132360440660996,3.59019264448337,1.501501501501501
2006-03-20,2.504,4.141480580871307,11.785714285714267,5.8326289095519845
2006-03-27,2.498,4.131556905358038,10.825199645075422,-0.23961661341852514
2006-04-03,2.588,4.259084623816642,11.025311025311035,3.602882305844668
2006-04-10,2.683,4.415426601893373,13.398140321217223,3.670788253477575
2006-04-17,2.783,4.579997105132038,11.142172523961658,3.727171077152436
2006-04-24,2.914,4.79558446437469,16.65332265812649,4.707150556952944
2006-05-01,2.919,4.789494619970194,12.789799072642971,0.17158544955386823
2006-05-08,2.909,4.773086621957277,8.423406634364516,-0.34258307639603025
2006-05-15,2.947,4.8354370144063585,5.892921307941079,1.3062908215881741
2006-05-22,2.892,4.74519302533532,-0.7549759780370757,-1.8663047166610158
2006-05-29,2.867,4.70417303030303,-1.7814319972593418,-0.8644536652835377
2006-06-05,2.892,4.73343585728444,-0.5843932622894399,0.8719916288803642
2006-06-12,2.906,4.756350138751239,-1.3912453342382003,0.48409405255878113
2006-06-19,2.871,4.699064435084241,-0.7261410788381717,-1.2044046799724706
2006-06-26,2.869,4.695790966303271,0.06975933031043713,-0.06966213862764636
2006-07-03,2.934,4.7761442188270085,1.4522821576763656,2.265597769257588
2006-07-10,2.973,4.839630798422868,2.3055746730901383,1.329243353783216
2006-07-17,2.989,4.865676574667323,4.110066179031691,0.5381769256643132
2006-07-24,3.003,4.888466628881222,4.670616939700234,0.4683840749414525
2006-07-31,3.004,4.890094489896501,2.385821404226296,0.03330003330002107
2006-08-07,3.038,4.9236022276741895,2.1863437605112557,1.131824234354184
2006-08-14,3.0,4.862016683022571,0.36801605888256983,-1.2508229098090795
2006-08-21,2.924,4.738845593719332,-2.6307026307026415,-2.533333333333332
2006-08-28,2.845,4.610812487733072,-5.29294274300931,-2.7017783857729016
2006-09-04,2.727,4.441365931952662,-10.236998025016453,-4.147627416520228
2006-09-11,2.618,4.263841587771203,-12.733333333333341,-3.9970663733039924
2006-09-18,2.497,4.066773279092702,-14.603283173734615,-4.621848739495793
2006-09-25,2.378,3.872962297830375,-16.414762741652023,-4.765718862635149
2006-10-02,2.31,3.778983803863299,-15.291529152915285,-2.8595458368376847
2006-10-09,2.261,3.698823541357108,-13.636363636363624,-2.1212121212121238
2006-10-16,2.226,3.6415662109955425,-10.85302362835402,-1.547987616099078
2006-10-23,2.208,3.612119583952452,-7.148864592094196,-0.8086253369272156
2006-10-30,2.218,3.6284788211986134,-3.9826839826839877,0.45289855072463414
2006-11-06,2.2,3.5972504950495052,-2.697921273772663,-0.8115419296663595
2006-11-13,2.232,3.649574138613862,0.26954177897575704,1.454545454545464
2006-11-20,2.239,3.6610199356435644,1.4039855072463636,0.31362007168458383
2006-11-27,2.246,3.6724657326732673,1.2623985572588037,0.3126395712371721
2006-12-04,2.297,3.7355146282619405,4.409090909090918,2.2707034728406184
2006-12-11,2.293,3.7290095962580017,2.732974910394259,-0.17414018284719335
2006-12-18,2.32,3.772918562284589,3.6176864671728426,1.177496729175731
2006-12-25,2.341,3.8070699803052688,4.229741763134465,0.9051724137931094
2007-01-01,2.334,3.789398496831943,1.6107966913365246,-0.29901751388295983
2007-01-08,2.306,3.743938703382374,0.5669428696031265,-1.1996572407883432
2007-01-15,2.229,3.6189242713960588,-3.922413793103441,-3.339115351257582
2007-01-22,2.165,3.515016172082758,-7.518154634771468,-2.871242709735311
2007-01-29,2.165,3.515016172082758,-7.240788346186811,0.0
2007-02-05,2.191,3.543485956734206,-4.986990459670437,1.2009237875288514
2007-02-12,2.241,3.6243505381293275,0.5383580080753791,2.2820629849384044
2007-02-19,2.296,3.71330157766396,6.050808314087752,2.4542614904060622
2007-02-26,2.383,3.854005949291471,10.06928406466512,3.789198606271782
2007-03-05,2.505,4.030357181130898,14.33135554541305,5.119597146454047
2007-03-12,2.559,4.117239132340907,14.190093708165996,2.1556886227545036
2007-03-19,2.577,4.146199782744242,12.23867595818815,0.7033997655333968
2007-03-26,2.61,4.199294308483691,9.525807805287446,1.2805587892898762
2007-04-02,2.707,4.342330168428005,8.063872255489013,3.716475095785432
2007-04-09,2.802,4.494720772787319,9.495896834701046,3.5094200221647665
2007-04-16,2.876,4.613425033025099,11.602638727202175,2.640970735189141
2007-04-23,2.869,4.602196251651256,9.923371647509583,-0.24339360222530582
2007-04-30,2.971,4.765815637384413,9.752493535278916,3.5552457302195917
2007-05-07,3.054,4.878792880462383,8.993576017130621,2.793672164254457
2007-05-14,3.103,4.957070827791347,7.892906815020884,1.6044531761624237
2007-05-21,3.218,5.140784377645039,12.164517253398376,3.706090879793744
2007-05-28,3.209,5.126406795482576,8.010770784247722,-0.2796768178993103
2007-06-04,3.157,5.031679169441308,3.3726260641781414,-1.6204425054534122
2007-06-11,3.076,4.902580020652981,-0.8701256848211436,-2.5657269559708595
2007-06-18,3.009,4.795794304988563,-6.494717215661905,-2.1781534460338148
2007-06-25,2.982,4.752761255392455,-7.073854783421618,-0.8973080757726737
2007-07-02,2.959,4.707720924071425,-6.271777003484324,-0.7712944332662675
2007-07-09,2.981,4.742722566629577,-3.088426527958399,0.743494423791824
2007-07-16,3.049,4.8509094618093185,1.3293452974410203,2.281113720228123
2007-07-23,2.958,4.706129940318782,-0.8048289738430636,-2.9845851098720844
2007-07-30,2.876,4.575669272602034,-2.805001689760056,-2.7721433400946682
2007-08-06,2.838,4.513820366259444,-4.797047970479696,-1.3212795549374046
2007-08-13,2.771,4.407257306168048,-9.117743522466382,-2.360817477096555
2007-08-20,2.785,4.429524214246848,-5.848546315077751,0.5052327679538227
2007-08-27,2.749,4.3722664506156494,-4.415855354659238,-1.292639138240581
2007-09-03,2.796,4.42825467640388,-1.4799154334038112,1.7097126227719084
2007-09-10,2.818,4.4630978820122085,1.696138578130646,0.7868383404864288
2007-09-17,2.787,4.414000637745928,0.07181328545780019,-1.100070972320799
2007-09-24,2.812,4.453595189573574,2.291742451800638,0.8970218873340485
2007-10-01,2.788,4.402011969979444,-0.28612303290415086,-0.8534850640113834
2007-10-08,2.77,4.373591519671113,-1.7033356990773574,-0.6456241032998467
2007-10-15,2.762,4.3609602084229655,-0.8970218873340485,-0.2888086642599319
2007-10-22,2.823,4.4572739566900905,0.3911806543385632,2.208544532947143
2007-10-29,2.872,4.5346407380849945,3.0129124820660103,1.7357421183138433
2007-11-05,3.013,4.720172310917594,8.772563176895298,4.90947075208914
2007-11-12,3.111,4.873699322689889,12.635771180304145,3.2525721871888624
2007-11-19,3.099,4.854900096758588,9.776833156216803,-0.3857280617164949
2007-11-26,3.097,4.851766892436704,7.834261838440115,-0.0645369474023938
2007-12-03,3.061,4.781512322353331,1.5930965814802578,-1.1624152405553811
2007-12-10,3.0,4.686225732459978,-3.567984570877536,-1.9928128062724593
2007-12-17,2.998,4.683101581971672,-3.2591158438205814,-0.06666666666665932
2007-12-24,2.98,4.654984227576912,-3.7778495318049776,-0.6004002668445696
2007-12-31,3.053,4.7690157204001045,-0.2613524991832761,2.4496644295302072
2008-01-07,3.109,4.8398057113501185,3.633333333333333,1.8342613822469822
2008-01-14,3.068,4.775980676237428,2.3348899266177447,-1.3187520102927008
2008-01-21,3.017,4.696588559389935,1.241610738255039,-1.6623207301173504
2008-01-28,2.977,4.634320232450724,-2.4893547330494648,-1.3258203513423994
2008-02-04,2.978,4.624695228199185,-4.213573496301059,0.03359086328520444
2008-02-11,2.96,4.596742066981057,-3.520208604954367,-0.6044325050369448
2008-02-18,3.042,4.72408424586364,0.8286377195889871,2.7702702702702586
2008-02-25,3.13,4.860744145152266,5.139402082633526,2.8928336620644313
2008-03-03,3.162,4.892931608635358,6.1786433848220135,1.0223642172523917
2008-03-10,3.225,4.99041886079982,8.952702702702698,1.9924098671726842
2008-03-17,3.284,5.081716446160189,7.955292570677197,1.8294573643410805
2008-03-24,3.259,5.0430310286346085,4.121405750798712,-0.7612667478684498
2008-03-31,3.29,5.091000946366329,4.048070841239726,0.95121202822952
2008-04-07,3.332,5.144087070327472,3.3178294573643408,1.2765957446808418
2008-04-14,3.389,5.232086158865486,3.1973203410474937,1.710684273709484
2008-04-21,3.508,5.415803554234325,7.640380484811304,3.5113602832694157
2008-04-28,3.603,5.562468701797684,9.513677811550147,2.708095781071851
2008-05-05,3.613,5.545094090368387,8.433373349339735,0.27754648903690615
2008-05-12,3.722,5.712383117727965,9.825907347300088,3.0168834763354635
2008-05-19,3.791,5.818281676331734,8.067274800456104,1.8538420204191386
2008-05-26,3.937,6.042356887290435,9.270052733832902,3.851226589290424
2008-06-02,3.976,6.038935211967093,10.047052311098813,0.9906019812039757
2008-06-09,4.039,6.134622565677839,8.51692638366468,1.5845070422535246
2008-06-16,4.082,6.199932981702634,7.6760749142706475,1.0646199554345204
2008-06-23,4.079,6.195376441049741,3.606807213614416,-0.07349338559530239
2008-06-30,4.095,6.219677991198503,2.992957746478875,0.3922530031870597
2008-07-07,4.114,6.2042289239142345,1.8568952711067066,0.46398046398046233
2008-07-14,4.113,6.202720846878767,0.759431651151421,-0.024307243558563396
2008-07-21,4.064,6.128825072140849,-0.36773719048786013,-1.1913445173839188
2008-07-28,3.955,5.964444675274866,-3.4188034188034067,-2.682086614173229
2008-08-04,3.88,5.860061456856738,-5.6878949927078315,-1.896333754740842
2008-08-11,3.809,5.7528283734967305,-7.391198638463415,-1.8298969072164883
2008-08-18,3.74,5.648615940372217,-7.972440944881887,-1.8114990811236575
2008-08-25,3.685,5.565548058896154,-6.826801517067005,-1.4705882352941235
2008-09-01,3.68,5.553247897220814,-5.154639175257724,-0.13568521031207537
2008-09-08,3.648,5.504958785071067,-4.226831189288527,-0.8695652173913104
2008-09-15,3.835,5.787148284196147,2.540106951871657,5.12609649122806
2008-09-22,3.718,5.610591217898637,0.8955223880596996,-3.050847457627115
2008-09-29,3.632,5.480814228996194,-1.30434782608696,-2.3130715438407723
2008-10-06,3.484,5.303075241365008,-4.4956140350877245,-4.074889867841414
2008-10-13,3.151,4.796208405723633,-17.83572359843547,-9.557979334098743
2008-10-20,2.914,4.435465342519413,-21.624529316837005,-7.521421770866377
2008-10-27,2.656,4.042757704094565,-26.87224669603524,-8.8538091969801
2008-11-03,2.4,3.7189399163980803,-31.113662456946045,-9.63855421686748
2008-11-10,2.224,3.4462176558622217,-29.419231989844484,-7.333333333333325
2008-11-17,2.072,3.210684794490343,-28.89498970487303,-6.834532374100721
2008-11-24,1.892,2.9317643007604866,-28.76506024096386,-8.687258687258693
2008-12-01,1.811,2.829547218989773,-24.54166666666666,-4.281183932346721
2008-12-08,1.699,2.6545558945685395,-23.606115107913674,-6.184428492545546
2008-12-15,1.659,2.5920589929895272,-19.932432432432435,-2.3543260741612726
2008-12-22,1.653,2.5826844577526753,-12.632135306553904,-0.3616636528028905
2008-12-29,1.613,2.520187556173663,-10.933186085035885,-2.4198427102238407
2009-01-05,1.684,2.624477603771003,-0.8828722778104869,4.401735895846248
2009-01-12,1.784,2.7803254424747443,7.53465943339362,5.938242280285033
2009-01-19,1.847,2.8785095808581014,11.736237144585605,3.5313901345291443
2009-01-26,1.838,2.8644832753747647,13.949163050216985,-0.4872766648619353
2009-02-02,1.892,2.937939192778731,12.35154394299287,2.9379760609357986
2009-02-09,1.926,2.990735140217672,7.959641255605376,1.7970401691332016
2009-02-16,1.964,3.0497423755906063,6.334596643205193,1.9730010384215957
2009-02-23,1.909,2.9643371664982014,3.8628944504896623,-2.800407331975552
2009-03-02,1.934,3.0061256123673497,2.2198731501057,1.3095861707700385
2009-03-09,1.941,3.0170061083790207,0.7788161993769638,0.3619441571871773
2009-03-16,1.91,2.9688210546130493,-2.7494908350305547,-1.597114889232365
2009-03-23,1.962,3.049647596414033,2.7763226820324727,2.7225130890052407
2009-03-30,2.046,3.1802135485540832,5.791106514994815,4.281345565749217
2009-04-06,2.037,3.1630388982130517,4.94590417310663,-0.4398826979472137
2009-04-13,2.051,3.1847779971698427,7.382198952879593,0.6872852233677174
2009-04-20,2.059,3.197200339430866,4.943934760448543,0.3900536323744541
2009-04-27,2.049,3.1816724116045867,0.14662756598240456,-0.48567265662944337
2009-05-04,2.078,3.22196230436293,2.0127638684339644,1.4153245485602595
2009-05-11,2.24,3.4731451211611954,9.215017064846421,7.795957651588092
2009-05-18,2.309,3.5801303949826786,12.141816415735796,3.0803571428571486
2009-05-25,2.435,3.7754948080479958,18.838457784285033,5.456907752273699
2009-06-01,2.524,3.881277210298431,21.462945139557267,3.655030800821346
2009-06-08,2.624,4.035052060151776,17.142857142857125,3.961965134706813
2009-06-15,2.672,4.108863988081382,15.721091381550444,1.8292682926829285
2009-06-22,2.691,4.138081209553517,10.513347022587261,0.7110778443113697
2009-06-29,2.642,4.062731533125378,4.675118858954042,-1.820884429580083
2009-07-06,2.612,4.017796242653429,-0.45731707317072656,-1.1355034065102076
2009-07-13,2.528,3.8885868688468097,-5.389221556886237,-3.215926493108734
2009-07-20,2.463,3.7886034248297835,-8.472686733556289,-2.5712025316455667
2009-07-27,2.503,3.8501316980710305,-5.261165783497345,1.624035728786044
2009-08-03,2.557,3.920068699668129,-2.105666156202146,2.1574111066719803
2009-08-10,2.647,4.0580453062266475,4.7072784810126445,3.519749706687514
2009-08-17,2.637,4.04271457216459,7.064555420219243,-0.3777861730260623
2009-08-24,2.628,4.028916911508738,4.994007191370353,-0.341296928327639
2009-08-31,2.613,4.005920810415652,2.190066484161135,-0.5707762557077722
2009-09-07,2.588,3.9599477626806143,-2.2289384208537877,-0.9567546880979716
2009-09-14,2.577,3.9431164545703026,-2.2753128555176305,-0.4250386398763517
2009-09-21,2.552,3.9048634815923213,-2.8919330289193357,-0.9701202949165655
2009-09-28,2.499,3.823767178879001,-4.362801377726743,-2.0768025078369834
2009-10-05,2.468,3.7650311257268756,-4.636785162287483,-1.2404961984794016
2009-10-12,2.489,3.7970674521613423,-3.414823438106329,0.8508914100486153
2009-10-19,2.574,3.926738297253232,0.8620689655172376,3.415026114905584
2009-10-26,2.674,4.0792922326554555,7.002801120448177,3.8850038850038793
2009-11-02,2.694,4.096086901682057,9.15721231766613,0.7479431563201189
2009-11-09,2.666,4.053514357789296,7.111289674568111,-1.0393466963622866
2009-11-16,2.629,3.997257781931005,2.1367521367521514,-1.3878469617404354
2009-11-23,2.639,4.012462261892705,-1.3089005235602191,0.38037276530999975
2009-11-30,2.629,3.997257781931005,-2.4127691165553022,-0.37893141341416303
2009-12-07,2.634,4.002777871330177,-1.2003000750187565,0.19018638265499987
2009-12-14,2.599,3.9495898586131855,-1.1411182959299992,-1.3287775246772826
2009-12-21,2.589,3.9343932835511874,-1.8946570670708485,-0.3847633705271303
2009-12-28,2.607,3.9617471186627835,-0.8368200836819994,0.6952491309385911
2010-01-04,2.665,4.047261665011403,1.1769172361427493,2.2247794399693044
2010-01-11,2.751,4.177867482343853,5.8484032320123,3.2270168855534687
2010-01-18,2.739,4.159643414809093,5.793742757821541,-0.4362050163576936
2010-01-25,2.705,4.108008556793938,3.7591100882240047,-1.2413289521723159
2010-02-01,2.661,4.045036947547185,-0.15009380863039157,-1.6266173752310542
2010-02-08,2.652,4.031355875571265,-3.598691384950914,-0.33821871476887866
2010-02-15,2.608,3.9644706348000978,-4.782767433369839,-1.6591251885369585
2010-02-22,2.655,4.035916232896572,-1.848428835489846,1.802147239263796
2010-03-01,2.702,4.106001233017258,1.5407741450582435,1.7702448210922928
2010-03-08,2.751,4.180462395274047,3.7330316742081315,1.81347150259068
2010-03-15,2.788,4.236688170855705,6.9018404907975395,1.3449654671028766
2010-03-22,2.819,4.283796253099796,6.177024482109239,1.1119081779053186
2010-03-29,2.798,4.251884326418315,3.55292376017764,-0.7449450159631055
2010-04-05,2.826,4.293445895410827,2.72628135223556,1.0007147962830532
2010-04-12,2.858,4.342062409442373,2.510760401721668,1.1323425336164261
2010-04-19,2.86,4.345100941569344,1.4544164597374953,0.06997900629810427
2010-04-26,2.849,4.328389014871001,1.8227305218012857,-0.38461538461537215
2010-05-03,2.898,4.405122711583599,2.547770700636942,1.7199017199017064
2010-05-10,2.905,4.415763104606747,1.6445066480055948,0.24154589371978563
2010-05-17,2.864,4.353440802614019,0.13986013986013734,-1.4113597246127374
2010-05-24,2.786,4.234876423213218,-2.211302211302213,-2.723463687150829
2010-05-31,2.728,4.1467131667357,-5.866114561766733,-2.08183776022971
2010-06-07,2.725,4.143888438712886,-6.196213425129082,-0.10997067448680342
2010-06-14,2.701,4.107391806592112,-5.6913407821229,-0.8807339449541263
2010-06-21,2.743,4.171260912803466,-1.543431442928933,1.5549796371714164
2010-06-28,2.757,4.192550614873918,1.063049853372422,0.5103900838498099
2010-07-05,2.726,4.1376747685025626,0.03669724770640759,-1.1244105912223468
2010-07-12,2.718,4.125531922520163,0.629396519807468,-0.29347028613353476
2010-07-19,2.722,4.131603345511363,-0.7655851257746926,0.14716703458426128
2010-07-26,2.749,4.172585450701961,-0.29017047515415006,0.9919177075679686
2010-08-02,2.735,4.145277712770107,0.33015407190022383,-0.5092761004001578
2010-08-09,2.783,4.2180284733598565,2.391464311994107,1.7550274223034679
2010-08-16,2.745,4.160434121226305,0.84496693607643,-1.3654329859863368
2010-08-23,2.704,4.098292846555894,-1.6369588941433255,-1.4936247723132956
2010-08-30,2.682,4.064948747952259,-1.9378427787934194,-0.8136094674556338
2010-09-06,2.682,4.058393430305807,-3.6291771469637024,0.0
2010-09-13,2.721,4.117408099874012,-0.8743169398907069,1.4541387024608499
2010-09-20,2.723,4.1204344931852015,0.7026627218934767,0.07350238882763982
2010-09-27,2.694,4.076551790172947,0.4474272930648837,-1.0650018362100555
2010-10-04,2.732,4.11970906932682,1.864280387770334,1.4105419450631151
2010-10-11,2.819,4.2509003903485745,3.6016170525541957,3.1844802342606116
2010-10-18,2.834,4.273519583628188,4.076386338597149,0.5321035828308007
2010-10-25,2.817,4.2478844979112935,4.565701559020052,-0.5998588567395879
2010-11-01,2.806,4.220602750580627,2.708638360175697,-0.3904863329783459
2010-11-08,2.865,4.309346714331253,1.6317843206810956,2.102637205987179
2010-11-15,2.892,4.349958358759506,2.0465772759350687,0.9424083769633329
2010-11-22,2.876,4.325892199098319,2.0944266950656543,-0.5532503457814641
2010-11-29,2.856,4.295809499521836,1.781895937277267,-0.6954102920723182
2010-12-06,2.958,4.43143208207845,3.2460732984293195,3.571428571428581
2010-12-13,2.98,4.464390670924199,3.042876901798075,0.7437457741717335
2010-12-20,2.982,4.467386906273813,3.6856745479833197,0.06711409395974144
2010-12-27,3.052,4.572255143510287,6.8627450980392135,2.3474178403755763
2011-01-03,3.07,4.584354008146952,3.786342123056108,0.589777195281771
2011-01-10,3.089,4.612726231650142,3.6577181208053755,0.6188925081433316
2011-01-17,3.104,4.63512535546845,4.091213950368866,0.48559404337973344
2011-01-24,3.11,4.644085004995772,1.9003931847968447,0.19329896907216426
2011-01-31,3.101,4.630645530704788,1.0097719869706978,-0.2893890675241151
2011-02-07,3.132,4.661951328988995,1.392036257688578,0.9996775233795496
2011-02-14,3.14,4.673859250646694,1.1597938144329856,0.25542784163474774
2011-02-21,3.189,4.7467952708000976,2.540192926045015,1.5605095541401326
2011-02-28,3.383,5.035562370999288,9.093840696549504,6.08341172781437
2011-03-07,3.52,5.21251831460775,12.388250319284788,4.049660065031047
2011-03-14,3.567,5.282117280740296,13.598726114649672,1.3352272727272796
2011-03-21,3.562,5.274713135407047,11.696456569457503,-0.14017381553126373
2011-03-28,3.596,5.325061323673144,6.296186816435112,0.9545199326221221
2011-04-04,3.684,5.429885859888529,4.659090909090913,2.4471635150166815
2011-04-11,3.791,5.587594271128506,6.27978693580038,2.904451682953302
2011-04-18,3.844,5.665711521555783,7.916900617630551,1.398048008441033
2011-04-25,3.879,5.7172983850454955,7.869855394883207,0.9105098855358928
2011-05-02,3.963,5.82258106545199,7.5732899022801226,2.165506573859255
2011-05-09,3.965,5.825519536845102,4.589817989976264,0.05046681806710751
2011-05-16,3.96,5.818173358362321,3.017689906347565,-0.12610340479192184
2011-05-23,3.849,5.65508819604459,-0.7733952049497228,-2.803030303030296
2011-05-30,3.794,5.574280232734002,-4.264446126671717,-1.4289425824889568
2011-06-06,3.781,5.555180168678772,-4.640605296342992,-0.3426462836056854
2011-06-13,3.713,5.455272141312954,-6.23737373737373,-1.7984660142819409
2011-06-20,3.652,5.36564876382303,-5.118212522733179,-1.642876380285485
2011-06-27,3.574,5.2510483794916505,-5.7986294148655855,-2.1358159912376884
2011-07-04,3.579,5.244653372967457,-5.342501983602221,0.1398992725238024
2011-07-11,3.641,5.3355079438319395,-1.9391327767304123,1.7323274657725651
2011-07-18,3.682,5.395589192306839,0.8214676889375605,1.1260642680582134
2011-07-25,3.699,5.420500929479358,3.4974818130945717,0.46170559478544426
2011-08-01,3.711,5.420985391807383,3.688181056160933,0.32441200324411223
2011-08-08,3.674,5.36693622460262,0.9063444108761365,-0.9970358393963874
2011-08-15,3.604,5.264681043404422,-2.1184139054861495,-1.9052803483941116
2011-08-22,3.581,5.231082912439299,-3.190051365233848,-0.638179800221983
2011-08-29,3.627,5.298279174369544,-2.263540824575583,1.2845573862049653
2011-09-05,3.674,5.355306919332559,0.0,1.2958367797077486
2011-09-12,3.661,5.33635782027123,1.581576026637066,-0.3538377789874758
2011-09-19,3.601,5.248900439988173,0.5585032113934574,-1.6388964763725755
2011-09-26,3.509,5.114799123554151,-3.2533774469258314,-2.5548458761455173
2011-10-03,3.433,5.000643303197354,-6.559608056614053,-2.1658592191507564
2011-10-10,3.417,4.977337071664829,-6.664845670581809,-0.4660646664724766
2011-10-17,3.476,5.063278800441014,-3.471257983893361,1.7266608135791728
2011-10-24,3.462,5.042885847850056,-1.3394129381590125,-0.4027617951668505
2011-10-31,3.452,5.0283194531422275,0.5534517914360659,-0.2888503755054894
2011-11-07,3.424,4.978334332589394,0.20485806262804385,-0.8111239860950192
2011-11-14,3.436,4.995781765998002,-1.1507479861910253,0.3504672897196359
2011-11-21,3.368,4.896912976682558,-2.7151935297516028,-1.9790454016298087
2011-11-28,3.307,4.808221856855469,-4.200463499420626,-1.8111638954869336
2011-12-05,3.29,4.782367850085598,-3.913551401869153,-0.5140610825521641
2011-12-12,3.286,4.776553421088534,-4.365541327124555,-0.12158054711246535
2011-12-19,3.229,4.693697807880365,-4.1270783847980885,-1.73463177115033
2011-12-26,3.258,4.735852418109082,-1.4817054732385815,0.8981108702384555
2012-01-02,3.299,4.782422060024051,0.27355623100304705,1.2584407612031834
2012-01-09,3.382,4.902743682025263,2.921485088253206,2.5159139133070774
2012-01-16,3.391,4.915790604892864,5.017033137194171,0.2661147250147877
2012-01-23,3.389,4.912891288700064,4.020871700429707,-0.05897965202006361
2012-01-30,3.439,4.98537419352007,4.243710215216745,1.4753614635585777
2012-02-06,3.482,5.036943296734099,2.9568302779420463,1.2503634777551564
2012-02-13,3.523,5.096252508441766,3.89265703332351,1.1774842044801836
2012-02-20,3.591,5.194619005908142,5.960460312776639,1.930173147885328
2012-02-27,3.721,5.382672604005624,8.200058156440825,3.6201615148983457
2012-03-05,3.793,5.475362856031503,8.931648477886277,1.9349637194302716
2012-03-12,3.829,5.527330444435703,8.685779165483964,0.9491167940943956
2012-03-19,3.867,5.582185121084582,7.685881370091896,0.9924262209454193
2012-03-26,3.918,5.655805871323867,5.294275732330012,1.3188518231187052
2012-04-02,3.941,5.679574814452827,3.9019245979435624,0.5870342011230045
2012-04-09,3.939,5.676692513100656,2.8728127448419905,-0.05074854097943948
2012-04-16,3.922,5.652192951607203,1.422291181794666,-0.4315816197004274
2012-04-23,3.87,5.577253116450759,-1.2251148545176171,-1.3258541560428383
2012-04-30,3.83,5.51960708940734,-2.816544024359291,-1.033591731266148
2012-05-07,3.79,5.473280792958861,-3.7826859609037866,-1.0443864229765065
2012-05-14,3.754,5.421291846112814,-4.283528811830706,-0.9498680738786236
2012-05-21,3.715,5.364970487029596,-4.005167958656342,-1.038891848694734
2012-05-28,3.67,5.299984303472037,-4.177545691906004,-1.2113055181695809
2012-06-04,3.613,5.221983725998145,-4.670184696569923,-1.5531335149863712
2012-06-11,3.572,5.162725122963016,-4.848161960575381,-1.1347910323830646
2012-06-18,3.533,5.106357183490575,-4.899057873485868,-1.0918253079507334
2012-06-25,3.437,4.96760533248149,-6.348773841961853,-2.7172374752335138
2012-07-02,3.356,4.849132980445338,-7.1132023249377285,-2.3567064300261897
2012-07-09,3.411,4.928603276608776,-4.507278835386341,1.6388557806912951
2012-07-16,3.427,4.951721908219957,-3.000283045570329,0.4690706537672229
2012-07-23,3.494,5.04853117809178,1.6584230433517755,1.9550627370878315
2012-07-30,3.508,5.0687599807515635,4.529201430274132,0.400686891814539
2012-08-06,3.645,5.236292873981159,6.860158311345654,3.9053591790193742
2012-08-13,3.721,5.345472094398873,8.578932010504815,2.0850480109739333
2012-08-20,3.744,5.378513174262129,7.155123068116764,0.6181134103735664
2012-08-27,3.776,5.424483372332745,7.639680729760534,0.8547008547008517
2012-09-03,3.843,5.494517667683916,5.432098765432092,1.7743644067796716
2012-09-10,3.847,5.500236655628423,3.386186509002953,0.10408534998698205
2012-09-17,3.878,5.544558812198343,3.5790598290598163,0.8058227190018252
2012-09-24,3.826,5.4702119689197675,1.3241525423728806,-1.3408973697782378
2012-10-01,3.804,5.4241297714537335,-1.014832162373147,-0.5750130684788357
2012-10-08,3.85,5.489721246082249,0.07798284377438236,1.2092534174553249
2012-10-15,3.819,5.445518295789119,-1.5214027849406953,-0.8051948051948088
2012-10-22,3.687,5.257299281637728,-3.6330371144798757,-3.4564021995286742
2012-10-29,3.568,5.087616988577004,-6.203995793901152,-3.227556278817456
2012-11-05,3.492,4.9876244048622915,-9.298701298701307,-2.130044843049328
2012-11-12,3.449,4.9262074949513295,-9.688400104739458,-1.231386025200465
2012-11-19,3.429,4.89764149034158,-6.997558991049635,-0.5798782255726276
2012-11-26,3.437,4.90906789218548,-3.6715246636771393,0.2333041703120431
2012-12-03,3.394,4.848238014713197,-2.8064146620847663,-1.2510910677916653
2012-12-10,3.349,4.783956721059074,-2.899391127863138,-1.3258691809074796
2012-12-17,3.254,4.648251767789258,-5.103528725575968,-2.8366676619886566
2012-12-24,3.257,4.6525371873662,-5.237125400058185,0.09219422249540088
2012-12-31,3.298,4.711104588251067,-2.828520919269306,1.2588271415412855
2013-01-07,3.299,4.7032169812542355,-1.4929829799940397,0.03032140691328067
2013-01-14,3.303,4.708919578382158,1.5058389674247108,0.12124886329190065
2013-01-21,3.315,4.7260273697659265,1.7807798587657242,0.36330608537693543
2013-01-28,3.357,4.785904639609115,1.7889630078835816,1.266968325791873
2013-02-04,3.538,5.016706809137235,7.244619581691425,5.39171879654452
2013-02-11,3.611,5.120217153135827,9.324856191341224,2.063312605992107
2013-02-18,3.747,5.313058341955121,13.031674208144794,3.7662697313763482
2013-02-25,3.784,5.365522488913311,12.719690199582946,0.9874566319722389
2013-03-04,3.759,5.34510374028121,6.246466930469197,-0.6606765327695552
2013-03-11,3.71,5.275428272530802,2.7416228191636582,-1.303538175046548
2013-03-18,3.696,5.255520996030686,-1.3610888710968716,-0.37735849056602655
2013-03-25,3.68,5.232769822887697,-2.74841437632134,-0.43290043290042934
2013-04-01,3.645,5.19384627497336,-3.032721468475652,-0.9510869565217406
2013-04-08,3.608,5.141124104280901,-2.7493261455525553,-1.0150891632373038
2013-04-15,3.542,5.047079151153811,-4.166666666666674,-1.8292682926829396
2013-04-22,3.536,5.03852960996044,-3.913043478260869,-0.16939582156972888
2013-04-29,3.52,5.015730833444781,-3.429355281207136,-0.4524886877828038
2013-05-06,3.538,5.039292406411577,-1.9401330376940251,0.5113636363636376
2013-05-13,3.603,5.131874092792796,1.722190852625638,1.8371961560203598
2013-05-20,3.673,5.2315774473571865,3.87443438914028,1.9428254232583875
2013-05-27,3.645,5.19169610553143,3.5511363636363535,-0.762319629730468
2013-06-03,3.646,5.180788048785734,3.0525720746184204,0.02743484224965176
2013-06-10,3.655,5.193576609520532,1.4432417429919298,0.24684585847503104
2013-06-17,3.626,5.152369024930629,-1.2796079499047153,-0.7934336525307728
2013-06-24,3.577,5.082742416485621,-1.865569272976686,-1.3513513513513487
2013-07-01,3.496,4.957940437956204,-4.11409764125068,-2.264467430807937
2013-07-08,3.492,4.952267737226277,-4.4596443228454135,-0.11441647597254523
2013-07-15,3.639,5.160739489051095,0.35852178709321336,4.209621993127133
2013-07-22,3.682,5.22172102189781,2.935420743639927,1.1816433086012657
2013-07-29,3.646,5.170666715328467,4.290617848970246,-0.977729494839763
2013-08-05,3.632,5.138545062024535,4.009163802978244,-0.3839824465167285
2013-08-12,3.561,5.038094428928791,-2.1434460016487966,-1.954845814977979
2013-08-19,3.55,5.022531654787198,-3.585008147745794,-0.3089019938219639
2013-08-26,3.552,5.02536125008567,-2.578167855183755,0.05633802816902289
2013-09-02,3.608,5.102666495392731,-0.6607929515418554,1.5765765765765716
2013-09-09,3.587,5.072966939848594,0.7301319853973753,-0.5820399113081964
2013-09-16,3.547,5.016396357859761,-0.08450704225351213,-1.115137998327298
2013-09-23,3.495,4.942854601274278,-1.6047297297297258,-1.466027628982236
2013-09-30,3.425,4.84385608279382,-5.072062084257212,-2.002861230329045
2013-10-07,3.367,4.7592814237233005,-6.133258990800117,-1.6934306569343027
2013-10-14,3.354,4.740905819770701,-5.441217930645614,-0.38610038610038533
2013-10-21,3.36,4.749386867748823,-3.86266094420602,0.17889087656528524
2013-10-28,3.294,4.656095339989472,-3.824817518248169,-1.9642857142857073
2013-11-04,3.265,4.606606770610851,-3.0294030294030216,-0.8803885853066129
2013-11-11,3.194,4.5064324733020085,-4.7704233750745395,-2.1745788667687616
2013-11-18,3.219,4.541705113199487,-4.196428571428568,0.7827175954915333
2013-11-25,3.293,4.646112127296028,-0.030358227079529954,2.298850574712663
2013-12-02,3.272,4.6043085391468095,0.21439509954057634,-0.6377163680534537
2013-12-09,3.269,4.600086984862751,2.3481527864746443,-0.0916870415647808
2013-12-16,3.239,4.557871442022162,0.6213109661385552,-0.9177118384827265
2013-12-23,3.271,4.602901354385456,-0.6680838141512324,0.9879592466810694
2013-12-30,3.331,4.6873324400666325,1.8031784841075815,1.8343014368694677
2014-01-06,3.332,4.677400785420421,1.9271948608136968,0.03002101471030194
2014-01-13,3.327,4.6703818766787935,2.7168879283729463,-0.15006002400960172
2014-01-20,3.296,4.6268646424807045,0.7642922653622763,-0.9317703636910202
2014-01-27,3.295,4.625460860732379,-1.0807565295707033,-0.030339805825241317
2014-02-03,3.292,4.616168136295516,-1.200480192076836,-0.09104704097117056
2014-02-10,3.309,4.640006185602025,-0.5410279531109063,0.5164034021871267
2014-02-17,3.38,4.739565097411557,2.5485436893203817,2.1456633423995175
2014-02-24,3.444,4.829308341859587,4.522003034901356,1.8934911242603603
2014-03-03,3.479,4.8684450446557195,5.680437424058327,1.0162601626016343
2014-03-10,3.512,4.91462460386056,6.134783922635223,0.9485484334578853
2014-03-17,3.547,4.963602924229329,4.94082840236687,0.9965831435079675
2014-03-24,3.549,4.966401685393259,3.0487804878048808,0.05638567803776251
2014-03-31,3.579,5.008383102852204,2.8743891922966336,0.8453085376162406
2014-04-07,3.596,5.0228091242789725,2.3917995444191265,0.4749930148086001
2014-04-14,3.651,5.0996318444779,2.932055257964472,1.5294771968854093
2014-04-21,3.683,5.144328699866367,3.7757114680191606,0.8764721993974156
2014-04-28,3.713,5.186232001793055,3.7440625873149003,0.8145533532446514
2014-05-05,3.684,5.135951730134477,2.4471635150166815,-0.7810395906275192
2014-05-12,3.668,5.113645750850505,0.46562585592988537,-0.43431053203040193
2014-05-19,3.665,5.109463379734761,-0.48873201194677973,-0.08178844056706547
2014-05-26,3.674,5.122010493081994,-1.0503635873956418,0.24556616643929274
2014-06-02,3.69,5.137529117189575,0.16286644951140072,0.4354926510615087
2014-06-09,3.674,5.11525256817195,0.16357688113413094,-0.43360433604335835
2014-06-16,3.686,5.131959979935169,0.5729877216916757,0.3266194882961315
2014-06-23,3.704,5.157021097579997,0.816548720740351,0.48833423765599626
2014-06-30,3.704,5.157021097579997,0.3794037940379358,0.0
2014-07-07,3.678,5.115064775282319,0.10887316276537717,-0.7019438444924475
2014-07-14,3.635,5.055263854853514,-1.3836136733586635,-1.169113648722131
2014-07-21,3.593,4.996853653504451,-2.9967602591792764,-1.1554332874827988
2014-07-28,3.539,4.921754823198512,-4.454643628509725,-1.5029223490119592
2014-08-04,3.515,4.889159837446307,-4.431756389342034,-0.6781576716586635
2014-08-11,3.505,4.875250421123558,-3.576341127922966,-0.2844950213371278
2014-08-18,3.472,4.829349347258486,-3.3676593376008923,-0.941512125534949
2014-08-25,3.454,4.8043123978775375,-2.4018084204577517,-0.5184331797234987
2014-09-01,3.459,4.810922687249713,-1.5931721194879067,0.1447596988998212
2014-09-08,3.457,4.808141003128724,-1.3694721825962874,-0.05782017924256255
2014-09-15,3.408,4.7399897421645045,-1.8433179723502335,-1.4174139427248988
2014-09-22,3.353,4.663493428837319,-2.9241459177764884,-1.6138497652582129
2014-09-29,3.354,4.664884270897813,-3.0355594102341676,0.02982403817477497
2014-10-06,3.299,4.58929624310323,-4.570436794908883,-1.6398330351818813
2014-10-13,3.207,4.461313443962431,-5.897887323943662,-2.7887238557138594
2014-10-20,3.12,4.340286231731458,-6.949000894721147,-2.7128157156220634
2014-10-27,3.056,4.251254719285684,-8.884913536076333,-2.051282051282055
2014-11-03,2.993,4.17146778038931,-9.275538041830856,-2.0615183246073365
2014-11-10,2.941,4.098993231582012,-8.294356096039913,-1.7373872368860677
2014-11-17,2.894,4.0334873893908005,-7.24358974358974,-1.5980958857531369
2014-11-24,2.821,3.9317442727959393,-7.689790575916222,-2.5224602626123027
2014-12-01,2.778,3.8837933816433297,-7.1834279986635385,-1.5242821694434694
2014-12-08,2.679,3.745386058107444,-8.90853451207072,-3.5637149028077797
2014-12-15,2.554,3.5706293364712254,-11.748445058742242,-4.665920119447553
2014-12-22,2.403,3.359523216734673,-14.817440623892242,-5.912294440093968
2014-12-29,2.299,3.2141256243333385,-17.242620590352775,-4.327923429047031
2015-01-05,2.214,3.115135452210252,-17.3572228443449,-3.6972596781209233
2015-01-12,2.139,3.009609183503942,-16.24902114330462,-3.3875338753387663
2015-01-19,2.066,2.906896948629801,-14.024136496046612,-3.412809724170174
2015-01-26,2.044,2.8759425764759508,-11.091779034362759,-1.0648596321393922
2015-02-02,2.068,2.9023545478495127,-6.594399277326102,1.1741682974559797
2015-02-09,2.191,3.0749800843028443,2.4310425432445104,5.9477756286266725
2015-02-16,2.274,3.1914672349176945,10.067763794772521,3.788224554997721
2015-02-23,2.332,3.272867894383493,14.090019569471623,2.5505716798592815
2015-03-02,2.473,3.4614307768586636,19.58413926499032,6.046312178387647
2015-03-09,2.487,3.481026422178527,13.509812870835258,0.5661140315406543
2015-03-16,2.453,3.433436997830288,7.871591908531217,-1.3671089666264624
2015-03-23,2.457,3.439035753635963,5.3602058319039525,0.16306563391765838
2015-03-30,2.448,3.426438553073194,-1.0109179134654256,-0.366300366300365
2015-04-06,2.413,3.3739321866718592,-2.975472456775241,-1.4297385620915093
2015-04-13,2.408,3.3669410300480056,-1.8344883815735846,-0.20721094073766766
2015-04-20,2.485,3.4746048420553546,1.139601139601143,3.197674418604657
2015-04-27,2.57,3.59345450466087,4.983660130718959,3.420523138832987
2015-05-04,2.664,3.712644891793706,10.401989225031105,3.6575875486381415
2015-05-11,2.691,3.750273049480804,11.752491694352152,1.0135135135135087
2015-05-18,2.744,3.8241357293851084,10.422535211267615,1.9695280564845818
2015-05-25,2.774,3.8659447934818845,7.937743190661495,1.093294460641392
2015-06-01,2.78,3.863612433044261,4.3543543543543395,0.21629416005766178
2015-06-08,2.78,3.863612433044261,3.307320698625049,0.0
2015-06-15,2.835,3.9400508085181585,3.316326530612246,1.9784172661870603
2015-06-22,2.812,3.9080856696836195,1.3698630136986134,-0.8112874779541479
2015-06-29,2.801,3.8927979945888405,0.7553956834532416,-0.391180654338541
2015-07-06,2.793,3.8755318525924873,0.4676258992805771,-0.2856122813280959
2015-07-13,2.834,3.9324229395800603,-0.03527336860670305,1.4679556032939356
2015-07-20,2.802,3.888020139980003,-0.35561877667139585,-1.1291460832745237
2015-07-27,2.745,3.8089276531924012,-1.9992859692966825,-2.0342612419700146
2015-08-03,2.689,3.7312384291253737,-3.723594701038313,-2.04007285974499
2015-08-10,2.629,3.647982830111791,-7.233592095977414,-2.2313127556712553
2015-08-17,2.716,3.7687034486814857,-3.069236259814412,3.3092430581970422
2015-08-24,2.637,3.659083576646936,-3.9344262295082033,-2.9086892488954463
2015-08-31,2.51,3.4828592254015196,-6.6567497210859194,-4.81607887751233
2015-09-07,2.437,3.389182397325451,-7.303157093952084,-2.908366533864537
2015-09-14,2.375,3.302957814381595,-12.555228276877772,-2.5441116126384777
2015-09-21,2.327,3.236203298554093,-11.75578308684111,-2.0210526315789457
2015-09-28,2.322,3.2292497031553955,-7.490039840637442,-0.21486892995272733
2015-10-05,2.318,3.2205001998039817,-4.883052933935161,-0.17226528854435985
2015-10-12,2.337,3.246897742425326,-1.5999999999999903,0.819672131147553
2015-10-19,2.277,3.1635370815158184,-2.1486892995272844,-2.5673940949935803
2015-10-26,2.228,3.09545920843972,-4.048234280792418,-2.151954325867367
2015-11-02,2.224,3.0862149846439544,-4.055220017256245,-0.17953321364452268
2015-11-09,2.235,3.101479537175916,-4.3645699614891065,0.49460431654675396
2015-11-16,2.178,3.0223814013284764,-4.34782608695653,-2.550335570469797
2015-11-23,2.094,2.905815727448039,-6.014362657091576,-3.8567493112947715
2015-11-30,2.059,2.8572466966645242,-7.419064748201443,-1.6714422158548126
2015-12-07,2.053,2.851988042614222,-8.143176733780756,-0.29140359397766824
2015-12-14,2.037,2.8297611509036384,-6.473829201101933,-0.7793472966390658
2015-12-21,2.026,2.8144801628526124,-3.247373447946522,-0.540009818360343
2015-12-28,2.034,2.825593608707904,-1.2141816415735973,0.39486673247779436
2016-01-04,2.028,2.8185506707286287,-1.2177301509985305,-0.2949852507374562
2016-01-11,1.996,2.774076498409439,-2.0127638684339644,-1.5779092702169595
2016-01-18,1.914,2.6601114318415164,-5.528134254689032,-4.10821643286573
2016-01-25,1.856,2.579501994512986,-8.751229105211388,-3.0303030303030165
2016-02-01,1.822,2.535619737418681,-10.157790927021694,-1.8318965517241437
2016-02-08,1.759,2.447944631240098,-11.873747494989983,-3.457738748627892
2016-02-15,1.724,2.3992362389186637,-9.926854754440962,-1.9897669130187534
2016-02-22,1.73,2.4075862490309095,-6.788793103448276,0.34802784222738303
2016-02-29,1.783,2.481344671689082,-2.140504939626797,3.063583815028892
2016-03-07,1.841,2.5540549941196233,4.66173962478682,3.2529444756029147
2016-03-14,1.961,2.720533320732527,13.747099767981453,6.518196632265072
2016-03-21,2.007,2.7843500126008065,16.011560693641623,2.3457419683834857
2016-03-28,2.066,2.866201856518817,15.872125630959054,2.939711011459867
2016-04-04,2.083,2.878758782720761,13.145029875067916,0.8228460793804571
2016-04-11,2.069,2.859410427964116,5.507394186639458,-0.6721075372059682
2016-04-18,2.137,2.9533881510678186,6.477329347284488,3.286611889801838
2016-04-25,2.162,2.9879387845618264,4.646660212971931,1.169864295741685
2016-05-02,2.24,3.0884354036826314,7.537205952952464,3.6077705827937123
2016-05-09,2.22,3.0608600875783223,7.298211696471735,-0.8928571428571397
2016-05-16,2.242,3.091192935293062,4.913430042115108,0.9909909909909809
2016-05-23,2.3,3.1711613519955586,6.382978723404253,2.5869759143621662
2016-05-30,2.339,3.2249332183989616,4.419642857142847,1.6956521739130537
2016-06-06,2.381,3.2737535821032204,7.252252252252234,1.7956391620350454
2016-06-13,2.399,3.2985026642022794,7.002676181980383,0.7559848803023961
2016-06-20,2.353,3.2352550099491304,2.304347826086972,-1.9174656106711097
2016-06-27,2.329,3.2022562338170526,-0.42753313381785896,-1.0199745006374883
2016-07-04,2.291,3.151595632671251,-3.7799244015119693,-1.63160154572779
2016-07-11,2.253,3.0993212398115797,-6.085869112130049,-1.6586643387167088
2016-07-18,2.23,3.0676814757123045,-5.227369315767117,-1.0208610741233914
2016-07-25,2.182,3.001650663679035,-6.311721768999579,-2.152466367713002
2016-08-01,2.159,2.9645288282857676,-5.761676123963344,-1.0540788267644374
2016-08-08,2.15,2.952170903573136,-4.571682201509109,-0.41685965724872487
2016-08-15,2.149,2.950797800827288,-3.632286995515699,-0.046511627906975495
2016-08-22,2.193,3.011214321644599,0.5041246562786483,2.047463936714755
2016-08-29,2.237,3.07163084246191,3.6127836961556303,2.006383948928403
2016-09-05,2.223,3.044421248382924,3.395348837209311,-0.6258381761287568
2016-09-12,2.202,3.015661533485919,2.466263378315503,-0.9446693657219951
2016-09-19,2.225,3.0471602688493054,1.459188326493388,1.0445049954586727
2016-09-26,2.224,3.0457907586161146,-0.5811354492624043,-0.04494382022471877
2016-10-03,2.245,3.0673645968205645,0.9896536212325779,0.9442446043165464
2016-10-10,2.272,3.104254950546246,3.1789282470481295,1.2026726057906334
2016-10-17,2.257,3.083760309587534,1.4382022471910227,-0.6602112676056149
2016-10-24,2.243,3.0646319780260693,0.8543165467625791,-0.6202924235711227
2016-10-31,2.23,3.0468699558618524,-0.6681514476614803,-0.5795809184128364
2016-11-07,2.233,3.0473761868559577,-1.7165492957746387,0.1345291479820654
2016-11-14,2.184,2.980505863006454,-3.234381922906515,-2.1943573667711602
2016-11-21,2.155,2.940929548891441,-3.923316986179226,-1.3278388278388453
2016-11-28,2.154,2.9395648484047165,-3.408071748878927,-0.046403712296982924
2016-12-05,2.208,3.0056707921710215,-1.119570085087318,2.506963788300842
2016-12-12,2.236,3.043786182651451,2.3809523809523725,1.26811594202898
2016-12-19,2.264,3.08190157313188,5.0580046403712275,1.252236135957041
2016-12-26,2.309,3.143158450689714,7.195914577530194,1.9876325088339364
2017-01-02,2.377,3.222694796771995,7.653985507246364,2.944997834560392
2017-01-09,2.388,3.2376084033199515,6.797853309481194,0.462768195204033
2017-01-16,2.358,3.1969349309164348,4.151943462897534,-1.2562814070351647
2017-01-23,2.326,3.1535498936860167,0.7362494586401036,-1.3570822731128085
2017-01-30,2.296,3.1128764212824995,-3.407656710138829,-1.2897678417884917
2017-02-06,2.293,3.1038656795324706,-3.978224455611379,-0.13066202090591394
2017-02-13,2.307,3.122816451234806,-2.1628498727735423,0.6105538595726046
2017-02-20,2.302,3.116048318483972,-1.0318142734307867,-0.21673168617251104
2017-02-27,2.314,3.1322918370859734,0.7839721254355503,0.5212858384013863
2017-03-06,2.341,3.170320933035934,2.0933275185346822,1.166810717372524
2017-03-13,2.323,3.145944266314598,0.693541395752062,-0.7689021785561856
2017-03-20,2.321,3.1432357477900057,0.8253692441355431,-0.0860955660783369
2017-03-27,2.315,3.1351101922162266,0.04321521175454368,-0.25850926324860746
2017-04-03,2.36,3.1921123046115163,0.8116189662537243,1.943844492440605
2017-04-10,2.424,3.27867806202471,4.347826086956519,2.7118644067796627
2017-04-17,2.436,3.2949091415396836,4.9547608789314745,0.4950495049504955
2017-04-24,2.449,3.3124928110142386,5.788336933045346,0.5336617405582889
2017-05-01,2.411,3.263620362780938,2.161016949152539,-1.551653736218861
2017-05-08,2.372,3.210828494614842,-2.1452145214521434,-1.6175860638739215
2017-05-15,2.369,3.206767581678989,-2.750410509031187,-0.1264755480606894
2017-05-22,2.399,3.247376711037524,-2.0416496529195527,1.2663571127057738
2017-05-29,2.406,3.256852174554516,-0.20738282870177427,0.2917882451021203
2017-06-05,2.414,3.2655533475588028,1.770657672849918,0.33250207813799726
2017-06-12,2.366,3.200621052329796,-0.12663571127058404,-1.988400994200501
2017-06-19,2.318,3.135688757100789,-3.3764068361817445,-2.0287404902789574
2017-06-26,2.288,3.0951060725826594,-4.9044056525353374,-1.2942191544434989
2017-07-03,2.26,3.0562275275033466,-6.379453189726614,-1.2237762237762295
2017-07-10,2.297,3.106263110918225,-2.9163144547759923,1.6371681415929373
2017-07-17,2.278,3.0805691626781524,-1.72562553925798,-0.8271658685241712
2017-07-24,2.312,3.126547806897229,1.0489510489510412,1.492537313432818
2017-07-31,2.352,3.180640329507908,4.070796460176984,1.730103806228378
2017-08-07,2.378,3.203471504957522,3.5263387026556403,1.1054421768707634
2017-08-14,2.384,3.2115542757858417,4.653204565408253,0.2523128679562614
2017-08-21,2.36,3.1792231924725614,2.076124567474058,-1.0067114093959773
2017-08-28,2.399,3.2317612028566423,1.998299319727903,1.6525423728813715
2017-09-04,2.679,3.590622058554994,12.657695542472647,11.671529804085035
2017-09-11,2.685,3.5986637652930793,12.625838926174504,0.22396416573349232
2017-09-18,2.634,3.530309258019356,11.610169491525424,-1.8994413407821265
2017-09-25,2.583,3.461954750745633,7.669862442684461,-1.9362186788154823
2017-10-02,2.565,3.4351671964837447,-4.255319148936165,-0.6968641114982632
2017-10-09,2.504,3.3534731617915385,-6.7411545623836115,-2.378167641325535
2017-10-16,2.489,3.3333844647360777,-5.50493545937737,-0.5990415335463295
2017-10-23,2.479,3.319992000032438,-4.026325977545497,-0.4017677782241824
2017-10-30,2.488,3.332045218265714,-3.0019493177387946,0.3630496167809527
2017-11-06,2.561,3.4206838008120215,2.2763578274760388,2.934083601286175
2017-11-13,2.592,3.4620899694278644,4.13820811570913,1.2104646622413284
2017-11-20,2.568,3.430033580822051,3.590157321500609,-0.92592592592593
2017-11-27,2.533,3.3832846807719057,1.8086816720257248,-1.3629283489096644
2017-12-04,2.5,3.332186598333367,-2.3818820773135463,-1.302803000394781
2017-12-11,2.485,3.312193478743367,-4.128086419753096,-0.6000000000000005
2017-12-18,2.45,3.2655428663667,-4.59501557632398,-1.4084507042253391
2017-12-25,2.472,3.2948661084320334,-2.408211606790367,0.897959183673458
2018-01-01,2.52,3.3446182778199702,0.8000000000000007,1.9417475728155331
2018-01-08,2.522,3.3472727367706208,1.4889336016096655,0.07936507936507908
2018-01-15,2.557,3.3937257684070095,4.367346938775496,1.3877874702616921
2018-01-22,2.567,3.4069980631602634,3.843042071197411,0.39108330074306696
2018-01-29,2.607,3.460087242173279,3.4523809523809623,1.5582391897156267
2018-02-05,2.637,3.4905066785824497,4.5598731165741535,1.1507479861910141
2018-02-12,2.607,3.4507967049922055,1.9554165037153126,-1.1376564277588042
2018-02-19,2.557,3.384613415675132,-0.3895597974289178,-1.9179133103183865
2018-02-26,2.548,3.372700423598059,-2.2631377061756885,-0.3519749706687447
2018-03-05,2.56,3.3879327021320074,-2.919984831247624,0.47095761381474865
2018-03-12,2.559,3.386609290920237,-1.8411967779056404,-0.03906249999999778
2018-03-19,2.598,3.4382223281792794,1.6034415330465457,1.5240328253223856
2018-03-26,2.648,3.5043928887677955,3.9246467817896313,1.9245573518090975
2018-04-02,2.7,3.563928353055426,5.46875,1.963746223564966
2018-04-09,2.694,3.556008512270858,5.275498241500576,-0.22222222222223476
2018-04-16,2.747,3.625967105867872,5.735180908391069,1.9673348181143302
2018-04-23,2.798,3.693285752536697,5.664652567975836,1.856570804514024
2018-04-30,2.846,3.7566444788132376,5.407407407407394,1.71551107934238
2018-05-07,2.845,3.746864273980032,5.60504825538235,-0.03513703443428495
2018-05-14,2.873,3.7837402668346685,4.58682198762288,0.9841827768014122
2018-05-21,2.923,3.8495902540750904,4.467476769120804,1.7403411068569463
2018-05-28,2.962,3.9009532441226202,4.075895994378076,1.334245638043119
2018-06-04,2.94,3.8684931757881906,3.3391915641476144,-0.742741390952073
2018-06-11,2.911,3.830334569632457,1.3226592412112659,-0.9863945578231226
2018-06-18,2.879,3.7882285214606126,-1.5053027711255607,-1.099278598419784
2018-06-25,2.833,3.7277010772135863,-4.3551654287643515,-1.5977770059048213
2018-07-02,2.844,3.7392553440492966,-3.2653061224489854,0.38828097423224683
2018-07-09,2.857,3.756347580150788,-1.8550326348333868,0.4571026722925531
2018-07-16,2.865,3.7668658792901675,-0.4862799583188582,0.2800140007000351
2018-07-23,2.831,3.722163107947806,-0.0705965407695075,-1.186736474694594
2018-07-30,2.846,3.741884918834142,0.07032348804500987,0.5298481102084196
2018-08-06,2.852,3.7430835522106944,-0.17500875043753306,0.21082220660575413
2018-08-13,2.843,3.731271577466692,-0.7678883071553289,-0.3155680224403934
2018-08-20,2.821,3.702397861425796,-0.35323207347226493,-0.7738304607808555
2018-08-27,2.827,3.710272511255131,-0.6676036542515806,0.2126905352711761
2018-09-03,2.824,3.698707409727895,-0.9817671809256634,-0.10611956137248635
2018-09-10,2.833,3.7104950749855266,-0.3517411185367525,0.31869688385270933
2018-09-17,2.841,3.7209729996589767,0.7089684509039351,0.2823861630780078
2018-09-24,2.844,3.72490222141152,0.6013441811107079,0.10559662090812161
2018-10-01,2.866,3.744954892155777,1.4872521246459103,0.7735583684950864
2018-10-08,2.903,3.7933021814124985,2.470878926932585,1.290997906489877
2018-10-15,2.879,3.761941777570301,1.3375571981696588,-0.8267309679641732
2018-10-22,2.841,3.712287804820155,-0.10548523206750371,-1.3199027440083277
2018-10-29,2.811,3.673087300017407,-1.9190509420795587,-1.055966209081316
2018-11-05,2.753,3.599834631859823,-5.167068549776088,-2.0633226609747313
2018-11-12,2.686,3.5122251439068233,-6.7037165682528705,-2.43370868143844
2018-11-19,2.611,3.414154821571376,-8.095740936290042,-2.7922561429635007
2018-11-26,2.539,3.3200073121293463,-9.676271789398783,-2.7575641516660254
2018-12-03,2.451,3.2027445948244826,-10.9698510715583,-3.4659314690823173
2018-12-10,2.421,3.1635433145940723,-9.865971705137754,-1.2239902080783405
2018-12-17,2.369,3.0955944288613626,-9.268479509766369,-2.1478727798430186
2018-12-24,2.321,3.032872380492707,-8.586057502953913,-2.026171380329256
2018-12-31,2.266,2.9610033667369553,-7.5479396164830685,-2.3696682464455
2019-01-07,2.237,2.9254930135689996,-7.600165220983057,-1.279788172992058
2019-01-14,2.247,2.938570765082495,-5.149852258336862,0.44702726866336917
2019-01-21,2.251,2.943801865687893,-3.015941404567013,0.17801513128616886
2019-01-28,2.256,2.950340741444641,-0.44130626654899086,0.22212350066637132
2019-02-04,2.254,2.9389047880340597,0.7599463567277587,-0.08865248226949118
2019-02-11,2.276,2.9675897504727238,1.290609701824641,0.9760425909494108
2019-02-18,2.317,3.0210480895629623,2.9320302087961103,1.8014059753954426
2019-02-25,2.39,3.1162300103821665,5.939716312056764,3.150625809236085
2019-03-04,2.422,3.146055860341282,7.453416149068337,1.3389121338912124
2019-03-11,2.471,3.2097043893077237,8.56766256590511,2.0231213872832443
2019-03-18,2.548,3.30972350625499,9.969788519637458,3.116147308781869
2019-03-25,2.623,3.407144724060769,9.748953974895391,2.9434850863422346
2019-04-01,2.691,3.4823806600243694,11.106523534269176,2.592451391536388
2019-04-08,2.745,3.5522612083860627,11.088628085795227,2.006688963210723
2019-04-15,2.828,3.6596701993864427,10.989010989010971,3.023679417122027
2019-04-22,2.841,3.6764932943624062,8.311094166984368,0.4596888260254728
2019-04-29,2.887,3.736021168892737,7.283537718320332,1.6191481872579905
2019-05-06,2.897,3.7480368709262972,5.537340619307818,0.3463803255975062
2019-05-13,2.866,3.7079301595011285,1.3437057991513512,-1.0700724887814927
2019-05-20,2.852,3.6898174511155677,0.3871876099964755,-0.4884856943475291
2019-05-27,2.822,3.6510045045750816,-2.2514721163837903,-1.051893408134641
2019-06-03,2.807,3.6327790943251324,-3.1066620642043463,-0.5315379163713718
2019-06-10,2.732,3.5357151712491137,-4.675505931612001,-2.6718916993231145
2019-06-17,2.67,3.4554756615062714,-6.381486676016824,-2.2693997071742467
2019-06-24,2.654,3.434768691250054,-5.953224663359324,-0.5992509363295873
2019-07-01,2.713,3.503041059100398,-3.348770929818301,2.2230595327807245
2019-07-08,2.743,3.541777230045113,0.4026354319179859,1.1057869517139718
2019-07-15,2.779,3.588260635178771,4.082397003745308,1.3124316441851969
2019-07-22,2.75,3.5508156699322133,3.6171816126601364,-1.0435408420295
2019-07-29,2.715,3.505623470496712,0.07371913011424702,-1.272727272727281
2019-08-05,2.688,3.4675888703151125,-2.0051039008384897,-0.9944751381215311
2019-08-12,2.624,3.385027230545705,-5.577545879812873,-2.3809523809523836
2019-08-19,2.598,3.3514865643893827,-5.527272727272736,-0.9908536585365946
2019-08-26,2.574,3.320525949475855,-5.193370165745859,-0.9237875288683584
2019-09-02,2.563,3.3012555434231565,-4.650297619047617,-0.42735042735041473
2019-09-09,2.55,3.2845109776547203,-2.820121951219523,-0.5072181037846457
2019-09-16,2.552,3.2870870646960184,-1.770592763664347,0.07843137254903709
2019-09-23,2.654,3.418467503802207,3.108003108003121,3.996865203761746
2019-09-30,2.642,3.40301098155442,3.082325399921948,-0.45214770158251705
2019-10-07,2.645,3.397270070580001,3.7254901960784403,0.11355034065103631
2019-10-14,2.629,3.3767194765802735,3.0172413793103425,-0.6049149338374304
2019-10-21,2.638,3.38827918570512,-0.6028636021100264,0.3423354887789998
2019-10-28,2.596,3.334333876455835,-1.7411052233156643,-1.5921152388172821
2019-11-04,2.605,3.3364999282609284,-1.5122873345935761,0.3466872110939878
2019-11-11,2.615,3.3493079894058844,-0.5325218714339996,0.38387715930903177
2019-11-18,2.592,3.3198494487724863,-1.74374526156178,-0.8795411089866256
2019-11-25,2.579,3.303198969284044,-0.6548536209553091,-0.5015432098765427
2019-12-02,2.575,3.2884989173723085,-1.151631477927051,-0.15509887553315505
2019-12-09,2.561,3.2706196999574684,-2.0650095602294583,-0.543689320388363
2019-12-16,2.536,3.2386925260023975,-2.1604938271604923,-0.9761811792268649
2019-12-23,2.532,3.233584178169586,-1.822411787514544,-0.1577287066246047
2019-12-30,2.571,3.283390569539497,-0.15533980582523865,1.540284360189581
2020-01-06,2.578,3.2860155599377907,0.663803201874269,0.2722676001555735
2020-01-13,2.57,3.2758184596742135,1.34069400630914,-0.3103180760279267
2020-01-20,2.537,3.2337554210869572,0.1974723538704648,-1.2840466926069993
2020-01-27,2.506,3.1942416575655947,-2.528199144301846,-1.2219156484036264
2020-02-03,2.455,3.127750491803279,-4.771140418929399,-2.035115722266545
2020-02-10,2.419,3.0818853114754097,-5.875486381322947,-1.4663951120162944
2020-02-17,2.428,3.093351606557377,-4.296413086322426,0.3720545680033105
2020-02-24,2.466,3.1417648524590165,-1.596169193934538,1.565074135090616
2020-03-02,2.423,3.1010242680450717,-1.3034623217922592,-1.743714517437156
2020-03-09,2.375,3.0395925037585823,-1.8189334435717242,-1.9810152703260475
2020-03-16,2.248,2.877054294083913,-7.413509060955503,-5.347368421052623
2020-03-23,2.12,2.7132362559866086,-14.030819140308193,-5.693950177935947
2020-03-30,2.005,2.566055987383561,-17.251341312422618,-5.4245283018868
2020-04-06,1.924,2.482048072115986,-18.989473684210534,-4.03990024937656
2020-04-13,1.853,2.390454822053494,-17.571174377224207,-3.690228690228692
2020-04-20,1.812,2.337562945256843,-14.52830188679245,-2.21262817053427
2020-04-27,1.773,2.287251160011249,-11.571072319201992,-2.1523178807947074
2020-05-04,1.789,2.309966994003174,-7.016632016632018,0.9024252679074918
2020-05-11,1.851,2.3900217472889187,-0.10793308148947522,3.4656232532140896
2020-05-18,1.878,2.424884301139162,3.64238410596025,1.4586709886547755
2020-05-25,1.96,2.53076316838805,10.54709531866893,4.366347177848784
2020-06-01,1.974,2.5365441523175205,10.340972610396882,0.7142857142857117
2020-06-08,2.036,2.616212712319388,9.994597514856828,3.140830800405281
2020-06-15,2.098,2.6958812723212553,11.714589989350376,3.045186640471509
2020-06-22,2.129,2.735715552322189,8.622448979591834,1.4775977121067818
2020-06-29,2.174,2.793539507162254,10.131712259371838,2.11366838891498
2020-07-06,2.177,2.783209965473463,6.925343811394891,0.1379944802208044
2020-07-13,2.195,2.806222266520097,4.623450905624393,0.8268259072117479
2020-07-20,2.186,2.79471611599678,2.677313292625638,-0.4100227790432731
2020-07-27,2.175,2.780653043134948,0.04599816007360147,-0.5032021957914079
2020-08-03,2.176,2.771589751500101,-0.045934772622868714,0.04597701149426925
2020-08-10,2.166,2.758852666245045,-1.3211845102505615,-0.4595588235294268
2020-08-17,2.166,2.758852666245045,-0.9149130832570962,0.0
2020-08-24,2.182,2.7792320026531336,0.3218390804597737,0.7386888273314796
2020-08-31,2.222,2.8301803436733564,2.113970588235281,1.8331805682859859
2020-09-07,2.211,2.8087932668453863,2.0775623268697974,-0.4950495049504955
2020-09-14,2.183,2.773222841032781,0.7848568790397081,-1.2663952962460479
2020-09-21,2.168,2.754167255776028,-0.6416131989000817,-0.6871278057718588
2020-09-28,2.169,2.755437628126478,-2.3852385238523843,0.046125461254598044
2020-10-05,2.172,2.7558357092644026,-1.7639077340569798,0.13831258644536604
2020-10-12,2.167,2.749491704408821,-0.7329363261566635,-0.2302025782688899
2020-10-19,2.15,2.7279220878998456,-0.8302583025830312,-0.784494693124127
2020-10-26,2.143,2.719040481102032,-1.1987090825265168,-0.32558139534883956
2020-11-02,2.112,2.6736274668373508,-2.7624309392265234,-1.4465702286514115
2020-11-09,2.096,2.6533727133007043,-3.276419012459608,-0.7575757575757569
2020-11-16,2.111,2.6723615447413107,-1.8139534883720776,0.7156488549618478
2020-11-23,2.102,2.6609682458769464,-1.9132057862809138,-0.4263382283278272
2020-11-30,2.12,2.683754843605674,0.37878787878788955,0.8563273073263655
2020-12-07,2.156,2.7175168692400162,2.8625954198473247,1.6981132075471805
2020-12-14,2.158,2.720037756873819,2.2264329701563,0.09276437847864916
2020-12-21,2.224,2.8032270487893305,5.80399619410088,3.0583873957368057
2020-12-28,2.243,2.8271754813104617,5.801886792452815,0.8543165467625791
2021-01-04,2.249,2.8278101200287797,4.313543599257885,0.2674988854213245
2021-01-11,2.317,2.913310826192389,7.367933271547744,3.0235660293463695
2021-01-18,2.379,2.9912673524003854,6.96942446043165,2.675873974967624
2021-01-25,2.392,3.0076130756375457,6.6428889879625475,0.5464480874316946
2021-02-01,2.409,3.018737596697764,7.114273010226757,0.710702341137126
2021-02-08,2.461,3.083899221865171,6.214933103150622,2.158572021585714
2021-02-15,2.501,3.1340235489170225,5.128205128205132,1.6253555465258085
2021-02-22,2.633,3.2994338281881332,10.075250836120397,5.277888844462231
2021-03-01,2.711,3.379457063492363,12.53632212536322,2.9624003038359215
2021-03-08,2.771,3.4542513917142523,12.596505485574983,2.2132054592401307
2021-03-15,2.853,3.5564703069508345,14.07437025189926,2.959220498015158
2021-03-22,2.865,3.5714291725952125,8.811241929358161,0.4206098843322792
2021-03-29,2.852,3.555223734813803,5.201032829214314,-0.45375218150088825
2021-04-05,2.857,3.53937565544195,3.103572717430536,0.1753155680224605
2021-04-12,2.849,3.529464908069344,-0.1402032947774301,-0.2800140007000351
2021-04-19,2.855,3.5368979685987987,-0.3490401396160636,0.21060021060019807
2021-04-26,2.872,3.5579583067655864,0.7012622720897532,0.5954465849387081
2021-05-03,2.89,3.556658842027998,1.155057752887645,0.6267409470752217
2021-05-10,2.961,3.6440369658286857,3.9312039312039193,2.456747404844273
2021-05-17,3.028,3.726492378429335,6.059544658493876,2.2627490712597176
2021-05-24,3.02,3.7166469560292574,5.153203342618395,-0.26420079260237594
2021-05-31,3.027,3.7252617006293254,4.740484429065739,0.23178807947019653
2021-06-07,3.035,3.703766635630732,2.499155690645072,0.26428807400065146
2021-06-14,3.069,3.745258584761356,1.354029062087192,1.1202635914332681
2021-06-21,3.06,3.734275421756191,1.324503311258285,-0.2932551319648091
2021-06-28,3.091,3.7721063165517603,2.1143045920052783,1.013071895424833
2021-07-05,3.122,3.792436074629555,2.8665568369028005,1.0029116790682524
2021-07-12,3.133,3.8057982773268404,2.0853698273053167,0.3523382447149226
2021-07-19,3.153,3.8300931913219047,3.039215686274499,0.6383657835939971
2021-07-26,3.136,3.8094425144261,1.4558395341313535,-0.5391690453536269
2021-08-02,3.159,3.826503201601901,1.1851377322229295,0.7334183673469274
2021-08-09,3.172,3.842250128357465,1.2448132780082943,0.4115226337448652
2021-08-16,3.174,3.8446727324737053,0.666032350142709,0.06305170239595537
2021-08-23,3.145,3.809544972788218,0.2869897959183687,-0.9136735979836108
2021-08-30,3.139,3.802277160439496,-0.6331117442228584,-0.1907790143084287
2021-09-06,3.176,3.8297636741995547,0.12610340479193294,1.1787193373685945
2021-09-13,3.165,3.8164993793581834,-0.2835538752362865,-0.34634760705289924
2021-09-20,3.184,3.8394104340841886,1.2400635930047699,0.6003159557661952
2021-09-27,3.175,3.8285578292139752,1.1468620579802469,-0.28266331658292065
2021-10-04,3.19,3.8099246790815404,0.4408060453400475,0.47244094488190225
2021-10-11,3.267,3.9018883782317846,3.2227488151658656,2.4137931034482696
2021-10-18,3.322,3.9675767347676736,4.334170854271346,1.683501683501687
2021-10-25,3.383,4.04043109383475,6.5511811023622135,1.8362432269717122
2021-11-01,3.39,4.014402998720059,6.269592476489039,0.20691693762933117
2021-11-08,3.41,4.038086792222832,4.3771043771043905,0.5899705014749346
2021-11-15,3.399,4.025060705796307,2.3178807947019875,-0.3225806451612967
2021-11-22,3.395,4.020323947095752,0.3547147502217074,-0.11768167107972793
2021-11-29,3.38,4.002561101968673,-0.2949852507374673,-0.44182621502208974
2021-12-06,3.341,3.92924535953996,-2.0234604105571874,-1.1538461538461497
2021-12-13,3.315,3.898667574640816,-2.47131509267432,-0.7782101167315258
2021-12-20,3.295,3.8751462016414746,-2.945508100147276,-0.6033182503770718
2021-12-27,3.275,3.8516248286421333,-3.106508875739644,-0.6069802731411222
2022-01-03,3.281,3.835491705687276,-1.7958695001496605,0.1832061068702373
2022-01-10,3.295,3.8518577172324213,-0.6033182503770718,0.4266991770801587
2022-01-17,3.306,3.864716726303607,0.3338391502276217,0.3338391502276217
2022-01-24,3.323,3.884589740322712,1.4656488549618318,0.5142165759225659
2022-01-31,3.368,3.9371947774321074,2.651630600426702,1.354198013842911
2022-02-07,3.444,3.9983447873462215,4.522003034901356,2.25653206650831
2022-02-14,3.487,4.048266049209139,5.474894131881425,1.2485481997677184
2022-02-21,3.53,4.098187311072056,6.229310863677395,1.2331517063378206
2022-02-28,3.608,4.188742158172232,7.125890736342044,2.209631728045336
2022-03-07,4.102,4.70971268171611,19.10569105691058,13.691796008869183
2022-03-14,4.315,4.954268703462948,23.745339833667913,5.192588980984891
2022-03-21,4.239,4.867009277863136,20.08498583569405,-1.761297798377759
2022-03-28,4.231,4.85782407516842,17.267184035476713,-0.1887237556027377
2022-04-04,4.17,4.773069853514509,1.6577279375914022,-1.4417395414795586
2022-04-11,4.091,4.682644789143371,-5.191193511008119,-1.894484412470021
2022-04-18,4.066,4.654029262443643,-4.081151214909173,-0.6110975311659828
2022-04-25,4.107,4.700958726231197,-2.9307492318600747,1.0083620265617377
2022-05-02,4.182,4.741829075379852,0.2877697841726645,1.8261504747991264
2022-05-09,4.328,4.907373562468675,5.793204595453427,3.4911525585844094
2022-05-16,4.491,5.092193777506195,10.452533202164282,3.76617375231052
2022-05-23,4.593,5.207848145198388,11.833455076698307,2.2712090848363564
2022-05-30,4.624,5.242998002046014,10.56910569105689,0.674940126279111
2022-06-06,4.876,5.460147302827192,12.661737523105355,5.4498269896194
2022-06-13,5.006,5.605721369555563,11.467379202850147,2.666119770303532
2022-06-20,4.962,5.556450146970575,8.033964728935338,-0.8789452656811969
2022-06-27,4.872,5.455668100774011,5.363321799307963,-1.8137847642079818
2022-07-04,4.771,5.343365341643128,-2.1534044298605504,-2.0730706075533623
2022-07-11,4.646,5.203369393685595,-7.191370355573323,-2.619995808006703
2022-07-18,4.49,5.028654450634594,-9.512293430068508,-3.357727077055528
2022-07-25,4.33,4.849459637248951,-11.124794745484401,-3.563474387527843
2022-08-01,4.192,4.691976726296778,-12.135820582687062,-3.1870669745958424
2022-08-08,4.038,4.519609260683776,-13.08652604390873,-3.673664122137399
2022-08-15,3.938,4.407682334961047,-12.293986636971043,-2.4764735017335338
2022-08-22,3.88,4.342764718041864,-10.392609699769062,-1.472828847130525
2022-08-29,3.827,4.2834434474088185,-8.707061068702293,-1.3659793814432941
2022-09-05,3.746,4.1750691853186614,-7.23130262506192,-2.116540371047815
2022-09-12,3.69,4.112654910257838,-6.297613001523617,-1.4949279231179946
2022-09-19,3.654,4.072531447718737,-5.824742268041239,-0.9756097560975618
2022-09-26,3.711,4.136060263405647,-3.0310948523647796,1.5599343185550119
2022-10-03,3.782,4.191740885281218,0.9610250934329878,1.9132309350579302
2022-10-10,3.912,4.335825051089404,6.016260162601617,3.437334743521947
2022-10-17,3.871,4.290383121872976,5.9386973180076685,-1.0480572597136972
2022-10-24,3.769,4.1773324687004,1.5629210455402998,-2.634978041849645
2022-10-31,3.742,4.147407295801776,-1.057641459545211,-0.7163703900238794
2022-11-07,3.796,4.196288407087346,-2.9652351738241323,1.4430785676109004
2022-11-14,3.762,4.158703105232507,-2.8158098682510957,-0.8956796628029506
2022-11-21,3.648,4.03268179901334,-3.2104006367736804,-3.0303030303030276
2022-11-28,3.534,3.9066604927941735,-5.558524853019775,-3.125000000000011
2022-12-05,3.39,3.7468988260962686,-10.695468914646987,-4.074702886247872
2022-12-12,3.239,3.580001562750977,-13.902179691653382,-4.454277286135699
2022-12-19,3.12,3.4484732558762117,-14.473684210526317,-3.673973448595236
2022-12-26,3.091,3.4164201390747984,-12.535370684776447,-0.9294871794871762
2023-01-02,3.223,3.543486914985687,-4.92625368731564,4.2704626334519435
2023-01-09,3.259,3.5830666633379935,0.6174745291756656,1.1169717654359257
2023-01-16,3.31,3.6391379735037614,6.08974358974359,1.5648972077324297
2023-01-23,3.415,3.7545789061979895,10.482044645745713,3.1722054380664666
2023-01-30,3.489,3.8359372778110647,8.25318026683215,2.166910688140544
2023-02-06,3.444,3.773524936141981,5.676587910401976,-1.2897678417884806
2023-02-13,3.39,3.714358168850556,2.4169184290030232,-1.5679442508710784
2023-02-20,3.379,3.7023056792171176,-1.0541727672035095,-0.3244837758112129
2023-02-27,3.342,3.661765486813734,-4.2132416165090225,-1.0949985202722723
2023-03-06,3.389,3.708698125710272,-1.5969802555168444,1.4063435068820906
2023-03-13,3.456,3.782018507658513,1.9469026548672552,1.9769843611684879
2023-03-20,3.422,3.7448111496549283,1.2725658478839996,-0.983796296296291
2023-03-27,3.421,3.743716815595999,2.3638539796528857,-0.029222676797202585
2023-04-03,3.497,3.8139464775710343,3.1867807612865118,2.2215726395790725
2023-04-10,3.596,3.921919226006703,4.05092592592593,2.830997998284257
2023-04-17,3.663,3.994991692119731,7.042665108123902,1.8631813125695063
2023-04-24,3.656,3.987357255361654,6.869336451330033,-0.19110019110017973
2023-05-01,3.6,3.9199522638411786,2.945381755790688,-1.5317286652078765
2023-05-08,3.533,3.846997596708579,-1.7519466073414924,-1.8611111111111134
2023-05-15,3.536,3.8502642235951132,-3.4671034671034606,0.08491367110106118
2023-05-22,3.534,3.8480864723374233,-3.336980306345738,-0.05656108597286158
2023-05-29,3.571,3.8883748706046806,-0.8055555555555483,1.0469722693831507
2023-06-05,3.541,3.8470843875610994,0.22643645626945208,-0.8401008120974551
2023-06-12,3.595,3.905752152861382,1.668552036199089,1.5249929398475137
2023-06-19,3.577,3.8861962310946208,1.216751556310136,-0.5006954102920735
2023-06-26,3.571,3.879677590505701,0.0,-0.16773832820798917
2023-07-03,3.527,3.8243893351805105,-0.3953685399604612,-1.2321478577429268
2023-07-10,3.546,3.844991375829342,-1.363004172461768,0.5387014459880879
2023-07-17,3.559,3.859087508904859,-0.5032149846239786,0.36661026508744143
2023-07-24,3.596,3.8992072722736366,0.7000840100812145,1.0396178701882475
2023-07-31,3.757,4.0737824588242635,6.521122767224274,4.477196885428247
2023-08-07,3.828,4.130793721943793,7.9526226734348615,1.8898056960340526
2023-08-14,3.85,4.154533915748068,8.176454060129256,0.5747126436781658
2023-08-21,3.868,4.173957710678838,7.5639599555061166,0.467532467532461
2023-08-28,3.813,4.114607226168151,1.4905509715198217,-1.4219234746638998
2023-09-04,3.807,4.092169420976581,-0.5485893416927845,-0.15735641227380137
2023-09-11,3.822,4.108293019956,-0.727272727272732,0.3940110323089163
2023-09-18,3.878,4.168487789479165,0.2585315408479838,1.46520146520146
2023-09-25,3.837,4.124416618935419,0.6294256490952055,-1.0572460030943809
2023-10-02,3.798,4.07692272242733,-0.23640661938534313,-1.0164190774042292
2023-10-09,3.684,3.9545506343923873,-3.6106750392464693,-3.001579778830965
2023-10-16,3.576,3.838619182569809,-7.787519339865911,-2.931596091205213
2023-10-23,3.533,3.792461289714523,-7.922856398227784,-1.2024608501118639
2023-10-30,3.473,3.7280549275908683,-8.557135334386523,-1.698273422020946
2023-11-06,3.396,3.6400529226215967,-7.817589576547235,-2.2171033688453745
2023-11-13,3.349,3.589675276165998,-6.347874720357938,-1.3839811542991631
2023-11-20,3.289,3.5253633870737437,-6.906311916218499,-1.79157957599283
2023-11-27,3.238,3.470698281345327,-6.766484307515109,-1.5506232897537275
2023-12-04,3.231,3.456543455517732,-4.858657243816255,-0.21618282890674134
2023-12-11,3.136,3.3549118775931936,-6.360107494774558,-2.9402661714639344
2023-12-18,3.053,3.266117972669649,-7.175433262389785,-2.6466836734693966
2023-12-25,3.116,3.3335157559248696,-3.7677578752316254,2.063544055027844
2024-01-01,3.089,3.2944193278613363,-4.394924172082948,-0.8664955070603386
2024-01-08,3.073,3.2773553235732877,-2.008928571428581,-0.5179669796050557
2024-01-15,3.058,3.2613578195532424,0.1637733377006123,-0.4881223560039061
2024-01-22,3.062,3.2656238206252546,-1.7329910141206772,0.1308044473512071
2024-01-29,3.095,3.3008183294693545,0.19423761735191114,1.0777269758327934
2024-02-05,3.136,3.3308963587776197,2.05011389521641,1.3247172859450762
2024-02-12,3.192,3.3903766508986486,4.381948986265538,1.7857142857142794
2024-02-19,3.269,3.4721620525650634,6.7602873938602315,2.412280701754388
2024-02-26,3.249,3.450919091093267,4.975767366720518,-0.611807892321814
2024-03-04,3.35,3.5424980390273575,6.823979591836737,3.1086488150199987
2024-03-11,3.376,3.5699920536586145,5.764411027568905,0.776119402985076
2024-03-18,3.453,3.651416635451184,5.628632609360662,2.2808056872037907
2024-03-25,3.523,3.7254389825353376,8.43336411203448,2.027222704894305
2024-04-01,3.517,3.7110387447567743,4.98507462686566,-0.17030939540165768
2024-04-08,3.591,3.7891214479447193,6.368483412322279,2.1040659653113636
2024-04-15,3.628,3.8281627995386915,5.06805676223574,1.0303536619326037
2024-04-22,3.668,3.87036966612677,4.11581038887312,1.1025358324145529
2024-04-29,3.653,3.8545420911562402,3.8669320443559974,-0.40894220283533844
2024-05-06,3.643,3.842124687475054,1.4480646059593427,-0.27374760470846304
2024-05-13,3.608,3.8052116037359305,-0.5512679162072764,-0.9607466373867557
2024-05-20,3.584,3.7798997748862457,-2.2900763358778664,-0.6651884700665245
2024-05-27,3.577,3.772517158138421,-2.0804817957842836,-0.1953125
2024-06-03,3.516,3.709734695442174,-3.4861377985176967,-1.705339670114625
2024-06-10,3.429,3.6179409188484684,-4.961197339246127,-2.4744027303754357
2024-06-17,3.435,3.6242715241307932,-4.157366071428569,0.17497812773403787
2024-06-24,3.438,3.6274368267719557,-3.885937936818562,0.08733624454149158
2024-07-01,3.479,3.6645502170176263,-1.0523321956769083,1.1925538103548572
2024-07-08,3.489,3.67508356055605,1.7497812773403343,0.2874389192296656
2024-07-15,3.496,3.6824569010329467,1.7758369723435141,0.20063055316710265
2024-07-22,3.471,3.6561235421868874,0.9598603839441555,-0.7151029748283744
2024-07-29,3.484,3.6698168887868383,0.1437194596148217,0.3745318352059934
2024-08-05,3.448,3.626195668371213,-1.175121811407276,-1.0332950631458115
2024-08-12,3.414,3.5904385185090844,-2.345537757437066,-0.9860788863109038
2024-08-19,3.382,3.556784730403551,-2.564102564102566,-0.9373169302870576
2024-08-26,3.313,3.484218749800995,-4.908151549942586,-2.0402128917800133
2024-09-02,3.289,3.4516149517684886,-4.611368909512759,-0.7244189556293357
2024-09-09,3.236,3.395994522323755,-5.21382542472173,-1.6114320462146559
2024-09-16,3.18,3.337225766684036,-5.972797161442934,-1.7305315203955507
2024-09-23,3.185,3.342472977009011,-3.863567763356479,0.15723270440251014
2024-09-30,3.179,3.3361763246190406,-3.3444816053511794,-0.18838304552590834
2024-10-07,3.136,3.281676540010329,-3.0902348578491945,-1.3526266121421715
2024-10-14,3.171,3.318302394251515,-0.2830188679245338,1.116071428571419
2024-10-21,3.144,3.290048163836886,-1.2872841444270033,-0.8514664143803086
2024-10-28,3.097,3.2408648738558634,-2.5794274929222927,-1.4949109414758355
2024-11-04,3.069,3.202463026967598,-2.1364795918367374,-0.9041007426541792
2024-11-11,3.052,3.1847237400798667,-3.7527593818984517,-0.5539263603779654
2024-11-18,3.046,3.178462815295961,-3.117048346055984,-0.1965923984272644
2024-11-25,3.044,3.1763758403679927,-1.7113335485954173,-0.06565988181220783
2024-12-02,3.034,3.1552151799095727,-1.1404366243075947,-0.328515111695149
2024-12-09,3.008,3.128176420951877,-1.4416775884665833,-0.8569545154910929
2024-12-16,3.016,3.1364960390927066,-0.9848982271831841,0.26595744680850686
2024-12-23,3.024,3.144815657233536,-0.6570302233902758,0.2652519893899141
2024-12-30,3.006,3.1260965164166694,-0.9228740936057966,-0.5952380952381042
2025-01-06,3.047,3.155253372669386,1.2965425531914931,1.3639387890884924
2025-01-13,3.043,3.151111261251376,0.8952254641909851,-0.13127666557269935
2025-01-20,3.109,3.2194560996485464,2.8108465608465583,2.1689122576404873
2025-01-27,3.103,3.2132429325215313,3.226879574184971,-0.19298809906721504
2025-02-03,3.082,3.1843287360133137,1.1486708237610666,-0.6767644215275648
2025-02-10,3.128,3.2318560305806767,2.7932960893854775,1.4925373134328401
2025-02-17,3.148,3.2525200716969214,1.2544226439369588,0.6393861892583175
2025-02-24,3.125,3.22875642441324,0.7089912987431557,-0.7306226175349484
2025-03-03,3.078,3.1791417796331904,-0.12978585334199044,-1.5040000000000053
2025-03-10,3.069,3.1698460434354327,-1.886189258312021,-0.29239766081871066
2025-03-17,3.058,3.158484588082618,-2.858958068615003,-0.35842293906810374
2025-03-24,3.115,3.217357584001751,-0.31999999999999806,1.8639633747547624
2025-03-31,3.162,3.2659019841455974,2.729044834308003,1.508828250401284
2025-04-07,3.243,3.344157073636755,5.66959921798631,2.561669829222013
2025-04-14,3.168,3.266817640851446,3.597122302158273,-2.3126734505087843
2025-04-21,3.141,3.238975445048735,0.8346709470304914,-0.8522727272727293
2025-04-28,3.133,3.2307259055516355,-0.917141049968373,-0.2546959567016893
2025-05-05,3.147,3.241943955461293,-2.9602220166512483,0.44685604851579797
2025-05-12,3.12,3.2141293743372215,-1.5151515151515138,-0.8579599618684375
2025-05-19,3.173,3.268728366914104,1.0187838268067573,1.6987179487179427
2025-05-26,3.16,3.2553361611876985,0.8617938078518961,-0.409706901985496
2025-06-02,3.127,3.2131728374321398,-0.6355258976803335,-1.044303797468371
2025-06-09,3.108,3.193649241681833,-0.38461538461538325,-0.6076111288775055
2025-06-16,3.139,3.2255035294849654,-1.0715411282697818,0.9974259974259825
2025-06-23,3.213,3.301542797144057,1.6772151898734267,2.357438674737189
2025-06-30,3.164,3.2511924712616858,1.1832427246562416,-1.525054466230935
2025-07-07,3.125,3.2038018089884504,0.5469755469755366,-1.2326169405815435
2025-07-14,3.13,3.2089278918828317,-0.2867155144950617,0.16000000000000458
2025-07-21,3.121,3.199700942672945,-2.8633675692499194,-0.2875399361022324
2025-07-28,3.123,3.201751375830698,-1.2958280657395682,0.064082024991996
2025-08-04,3.14,3.208007708225716,0.48000000000001375,0.5443483829650875
2025-08-11,3.118,3.1855312210980196,-0.3833865814696469,-0.7006369426751702
2025-08-18,3.125,3.1926828306386503,0.1281640499839698,0.22450288646569394
2025-08-25,3.147,3.2151593177663464,0.768491834774232,0.7039999999999935
2025-09-01,3.177,3.2362591898101747,1.1783439490445913,0.9532888465205058
2025-09-08,3.192,3.251538978241762,2.3733162283515075,0.47214353163362865
2025-09-15,3.168,3.2270913167512223,1.3759999999999994,-0.7518796992481258
2025-09-22,3.173,3.232184579561751,0.8261836669844369,0.15782828282828731
2025-09-29,3.118,3.1761586886459314,-1.8570978910922298,-1.7333753545540564
2025-10-06,3.124,3.174262626014034,-2.130325814536338,0.19243104554202972
2025-10-13,3.061,3.1102490071155438,-3.3775252525252597,-2.016645326504485
2025-10-20,3.019,3.0675732611832167,-4.85345099275134,-1.37210062071218
2025-10-27,3.035,3.083830688205056,-2.6619627966645187,0.5299768135144101
2025-11-03,3.019,3.0675732611832167,-3.3610755441741302,-0.5271828665568412
2025-11-10,3.056,3.105168561171219,-0.16334531198953783,1.2255713812520774
2025-11-17,3.062,3.1112650963044084,1.4243126863199729,0.19633507853402676
2025-11-24,3.061,3.1102490071155438,0.8566721581548586,-0.03265839320705233
2025-12-01,2.985,3.024021044011152,-1.1262007287181297,-2.482848742241095
2025-12-08,2.94,2.9784327870662604,-3.79581151832461,-1.5075376884422065
2025-12-15,2.895,2.9328445301213684,-5.45395166557805,-1.5306122448979553
2025-12-22,2.841,2.8781386217874987,-7.187193727540009,-1.865284974093262
2025-12-29,2.811,2.847746450490904,-5.829145728643215,-1.055966209081316
2026-01-05,2.796,2.827719414062978,-4.897959183673473,-0.5336179295624355
2026-01-12,2.779,2.8105265563952133,-4.00690846286702,-0.6080114449213081
2026-01-19,2.806,2.837832859749899,-1.2319605772615372,0.9715725080964521
2026-01-26,2.853,2.8853660544784256,1.4941302027748238,1.6749821810406296
2026-02-02,2.867,2.8918036737311428,2.539341917024318,0.4907115317209776
2026-02-09,2.902,2.9271064740731694,4.426052536883773,1.2207882804325054
2026-02-16,2.924,2.949296805716729,4.205274411974336,0.758097863542373
2026-02-23,2.937,2.9624092744151955,2.9442691903259544,0.44459644322845104
2026-03-02,3.015,3.015,5.162190442971748,2.6557711950970564
2026-03-09,3.502,3.502,20.67539627842865,16.152570480928684
2026-03-16,3.72,3.72,27.222982216142277,6.225014277555685
2026-03-23,3.961,3.961,34.865509022812404,6.478494623655906
2026-03-30,3.99,3.99,32.33830845771144,0.7321383489018007
2026-04-06,4.12,4.12,17.647058823529417,3.2581453634085156
2026-04-13,4.123,4.123,10.83333333333334,0.07281553398057472
2026-04-20,4.044,4.044,2.0954304468568496,-1.9160805238903844
2026-04-27,4.123,4.123,3.3333333333333437,1.9535113748763822
2026-05-04,4.452,4.452,8.058252427184453,7.979626485568758
